Algorithm,r,Iterations,Error
HALS_RRI,25,1,175.8042208
HALS_RRI,25,2,140.2352246
HALS_RRI,25,3,124.9400528
HALS_RRI,25,4,117.367492
HALS_RRI,25,5,112.643324
HALS_RRI,25,6,109.356797
HALS_RRI,25,7,106.9737463
HALS_RRI,25,8,105.2038496
HALS_RRI,25,9,103.8478238
HALS_RRI,25,10,102.776961
HALS_RRI,25,11,101.9052679
HALS_RRI,25,12,101.1738968
HALS_RRI,25,13,100.5467314
HALS_RRI,25,14,99.99958743
HALS_RRI,25,15,99.51589897
HALS_RRI,25,16,99.08242825
HALS_RRI,25,17,98.69212493
HALS_RRI,25,18,98.33875988
HALS_RRI,25,19,98.01771236
HALS_RRI,25,20,97.72414223
HALS_RRI,25,21,97.45404905
HALS_RRI,25,22,97.20477578
HALS_RRI,25,23,96.9727489
HALS_RRI,25,24,96.75606051
HALS_RRI,25,25,96.55300414
HALS_RRI,25,26,96.36188694
HALS_RRI,25,27,96.18175902
HALS_RRI,25,28,96.01140439
HALS_RRI,25,29,95.85011348
HALS_RRI,25,30,95.69702008
HALS_RRI,25,31,95.55170489
HALS_RRI,25,32,95.41341312
HALS_RRI,25,33,95.28190967
HALS_RRI,25,34,95.15676963
HALS_RRI,25,35,95.03744184
HALS_RRI,25,36,94.92327194
HALS_RRI,25,37,94.81367008
HALS_RRI,25,38,94.70895651
HALS_RRI,25,39,94.60846546
HALS_RRI,25,40,94.51147143
HALS_RRI,25,41,94.41761023
HALS_RRI,25,42,94.32669978
HALS_RRI,25,43,94.23852558
HALS_RRI,25,44,94.15314655
HALS_RRI,25,45,94.07035214
HALS_RRI,25,46,93.99003874
HALS_RRI,25,47,93.91221533
HALS_RRI,25,48,93.8369052
HALS_RRI,25,49,93.76379039
HALS_RRI,25,50,93.69275682
HALS_RRI,25,51,93.62384847
HALS_RRI,25,52,93.55689201
HALS_RRI,25,53,93.49172863
HALS_RRI,25,54,93.42836909
HALS_RRI,25,55,93.36680982
HALS_RRI,25,56,93.30700116
HALS_RRI,25,57,93.24896546
HALS_RRI,25,58,93.19263593
HALS_RRI,25,59,93.13799827
HALS_RRI,25,60,93.08497291
HALS_RRI,25,61,93.03339636
HALS_RRI,25,62,92.98318151
HALS_RRI,25,63,92.93424159
HALS_RRI,25,64,92.88648618
HALS_RRI,25,65,92.83983075
HALS_RRI,25,66,92.79419313
HALS_RRI,25,67,92.74948425
HALS_RRI,25,68,92.7055956
HALS_RRI,25,69,92.66254988
HALS_RRI,25,70,92.6202371
HALS_RRI,25,71,92.57863188
HALS_RRI,25,72,92.53771784
HALS_RRI,25,73,92.49748168
HALS_RRI,25,74,92.45787841
HALS_RRI,25,75,92.41889883
HALS_RRI,25,76,92.38053572
HALS_RRI,25,77,92.34270233
HALS_RRI,25,78,92.30536492
HALS_RRI,25,79,92.26848636
HALS_RRI,25,80,92.23208654
HALS_RRI,25,81,92.1961208
HALS_RRI,25,82,92.16056315
HALS_RRI,25,83,92.12539749
HALS_RRI,25,84,92.09065593
HALS_RRI,25,85,92.05633731
HALS_RRI,25,86,92.02242996
HALS_RRI,25,87,91.98894376
HALS_RRI,25,88,91.95585141
HALS_RRI,25,89,91.92316068
HALS_RRI,25,90,91.89087825
HALS_RRI,25,91,91.85899369
HALS_RRI,25,92,91.82753618
HALS_RRI,25,93,91.79654537
HALS_RRI,25,94,91.76604221
HALS_RRI,25,95,91.73598732
HALS_RRI,25,96,91.7063725
HALS_RRI,25,97,91.67722177
HALS_RRI,25,98,91.64857296
HALS_RRI,25,99,91.62040682
HALS_RRI,25,100,91.59273672
HALS_RRI,25,101,91.5655496
HALS_RRI,25,102,91.53884783
HALS_RRI,25,103,91.5126475
HALS_RRI,25,104,91.4869436
HALS_RRI,25,105,91.46175379
HALS_RRI,25,106,91.43708402
HALS_RRI,25,107,91.41293639
HALS_RRI,25,108,91.38930105
HALS_RRI,25,109,91.36619422
HALS_RRI,25,110,91.34362828
HALS_RRI,25,111,91.3216016
HALS_RRI,25,112,91.30007682
HALS_RRI,25,113,91.27905434
HALS_RRI,25,114,91.25856763
HALS_RRI,25,115,91.23864444
HALS_RRI,25,116,91.21931388
HALS_RRI,25,117,91.20066332
HALS_RRI,25,118,91.18266984
HALS_RRI,25,119,91.1652639
HALS_RRI,25,120,91.14839579
HALS_RRI,25,121,91.1320063
HALS_RRI,25,122,91.11607343
HALS_RRI,25,123,91.10058108
HALS_RRI,25,124,91.08550808
HALS_RRI,25,125,91.07082402
HALS_RRI,25,126,91.05651498
HALS_RRI,25,127,91.04257675
HALS_RRI,25,128,91.02899939
HALS_RRI,25,129,91.01577351
HALS_RRI,25,130,91.00287564
HALS_RRI,25,131,90.99030402
HALS_RRI,25,132,90.97802331
HALS_RRI,25,133,90.96601961
HALS_RRI,25,134,90.95430344
HALS_RRI,25,135,90.94284769
HALS_RRI,25,136,90.931633
HALS_RRI,25,137,90.92064829
HALS_RRI,25,138,90.90988397
HALS_RRI,25,139,90.89932966
HALS_RRI,25,140,90.88897334
HALS_RRI,25,141,90.87880088
HALS_RRI,25,142,90.86880191
HALS_RRI,25,143,90.85897673
HALS_RRI,25,144,90.84932249
HALS_RRI,25,145,90.83983082
HALS_RRI,25,146,90.8304966
HALS_RRI,25,147,90.82131125
HALS_RRI,25,148,90.81228386
HALS_RRI,25,149,90.80341658
HALS_RRI,25,150,90.79471534
HALS_RRI,25,151,90.78617865
HALS_RRI,25,152,90.77780387
HALS_RRI,25,153,90.76959157
HALS_RRI,25,154,90.76153702
HALS_RRI,25,155,90.75363729
HALS_RRI,25,156,90.74588808
HALS_RRI,25,157,90.73828318
HALS_RRI,25,158,90.7308141
HALS_RRI,25,159,90.72347712
HALS_RRI,25,160,90.71626824
HALS_RRI,25,161,90.70918306
HALS_RRI,25,162,90.70222023
HALS_RRI,25,163,90.69537559
HALS_RRI,25,164,90.68863845
HALS_RRI,25,165,90.68200154
HALS_RRI,25,166,90.67546146
HALS_RRI,25,167,90.66901339
HALS_RRI,25,168,90.66265077
HALS_RRI,25,169,90.65638032
HALS_RRI,25,170,90.65019346
HALS_RRI,25,171,90.6440853
HALS_RRI,25,172,90.63805254
HALS_RRI,25,173,90.63209492
HALS_RRI,25,174,90.62621045
HALS_RRI,25,175,90.62040074
HALS_RRI,25,176,90.6146633
HALS_RRI,25,177,90.60899124
HALS_RRI,25,178,90.6033834
HALS_RRI,25,179,90.59783524
HALS_RRI,25,180,90.59234303
HALS_RRI,25,181,90.58690244
HALS_RRI,25,182,90.58150931
HALS_RRI,25,183,90.57615973
HALS_RRI,25,184,90.57085597
HALS_RRI,25,185,90.56559467
HALS_RRI,25,186,90.56037121
HALS_RRI,25,187,90.55518639
HALS_RRI,25,188,90.55003662
HALS_RRI,25,189,90.54492472
HALS_RRI,25,190,90.53985041
HALS_RRI,25,191,90.53481604
HALS_RRI,25,192,90.5298273
HALS_RRI,25,193,90.52488098
HALS_RRI,25,194,90.51997586
HALS_RRI,25,195,90.51511172
HALS_RRI,25,196,90.51028594
HALS_RRI,25,197,90.50550148
HALS_RRI,25,198,90.50075525
HALS_RRI,25,199,90.49604779
HALS_RRI,25,200,90.49137419
HALS_RRI,25,201,90.48673123
HALS_RRI,25,202,90.48211983
HALS_RRI,25,203,90.47753751
HALS_RRI,25,204,90.47298301
HALS_RRI,25,205,90.46845673
HALS_RRI,25,206,90.46396163
HALS_RRI,25,207,90.45949877
HALS_RRI,25,208,90.45506916
HALS_RRI,25,209,90.45067449
HALS_RRI,25,210,90.44631446
HALS_RRI,25,211,90.4419854
HALS_RRI,25,212,90.43769202
HALS_RRI,25,213,90.43343266
HALS_RRI,25,214,90.42920514
HALS_RRI,25,215,90.42500765
HALS_RRI,25,216,90.42083698
HALS_RRI,25,217,90.41669285
HALS_RRI,25,218,90.41257949
HALS_RRI,25,219,90.40849511
HALS_RRI,25,220,90.40443747
HALS_RRI,25,221,90.40041035
HALS_RRI,25,222,90.39641584
HALS_RRI,25,223,90.39245234
HALS_RRI,25,224,90.38851852
HALS_RRI,25,225,90.38461176
HALS_RRI,25,226,90.38073065
HALS_RRI,25,227,90.37687582
HALS_RRI,25,228,90.37304763
HALS_RRI,25,229,90.36924869
HALS_RRI,25,230,90.36547907
HALS_RRI,25,231,90.36173947
HALS_RRI,25,232,90.35802931
HALS_RRI,25,233,90.35434956
HALS_RRI,25,234,90.35069968
HALS_RRI,25,235,90.34707923
HALS_RRI,25,236,90.34348863
HALS_RRI,25,237,90.3399279
HALS_RRI,25,238,90.33639723
HALS_RRI,25,239,90.33289593
HALS_RRI,25,240,90.32942217
HALS_RRI,25,241,90.32597613
HALS_RRI,25,242,90.32255857
HALS_RRI,25,243,90.31916896
HALS_RRI,25,244,90.31580811
HALS_RRI,25,245,90.31247747
HALS_RRI,25,246,90.30917645
HALS_RRI,25,247,90.30590806
HALS_RRI,25,248,90.3026708
HALS_RRI,25,249,90.2994628
HALS_RRI,25,250,90.29628427
HALS_RRI,25,251,90.29313562
HALS_RRI,25,252,90.29001543
HALS_RRI,25,253,90.28692299
HALS_RRI,25,254,90.28385643
HALS_RRI,25,255,90.28081588
HALS_RRI,25,256,90.27779846
HALS_RRI,25,257,90.27480237
HALS_RRI,25,258,90.27182672
HALS_RRI,25,259,90.26887155
HALS_RRI,25,260,90.26593607
HALS_RRI,25,261,90.26302009
HALS_RRI,25,262,90.26012195
HALS_RRI,25,263,90.2572421
HALS_RRI,25,264,90.25438082
HALS_RRI,25,265,90.25153716
HALS_RRI,25,266,90.24871127
HALS_RRI,25,267,90.24590314
HALS_RRI,25,268,90.24311269
HALS_RRI,25,269,90.24033784
HALS_RRI,25,270,90.2375755
HALS_RRI,25,271,90.23482555
HALS_RRI,25,272,90.23208799
HALS_RRI,25,273,90.22936321
HALS_RRI,25,274,90.22665179
HALS_RRI,25,275,90.22395538
HALS_RRI,25,276,90.22127206
HALS_RRI,25,277,90.21860298
HALS_RRI,25,278,90.2159489
HALS_RRI,25,279,90.21330872
HALS_RRI,25,280,90.21068188
HALS_RRI,25,281,90.20806872
HALS_RRI,25,282,90.20546946
HALS_RRI,25,283,90.20288279
HALS_RRI,25,284,90.20030809
HALS_RRI,25,285,90.19774523
HALS_RRI,25,286,90.19519355
HALS_RRI,25,287,90.19265168
HALS_RRI,25,288,90.19012138
HALS_RRI,25,289,90.18760199
HALS_RRI,25,290,90.1850939
HALS_RRI,25,291,90.18259765
HALS_RRI,25,292,90.18011362
HALS_RRI,25,293,90.17764064
HALS_RRI,25,294,90.17518045
HALS_RRI,25,295,90.17273162
HALS_RRI,25,296,90.1702942
HALS_RRI,25,297,90.1678682
HALS_RRI,25,298,90.16545285
HALS_RRI,25,299,90.16304859
HALS_RRI,25,300,90.16065521
Lee-Seung,25,1,166.8177662
Lee-Seung,25,2,166.5008183
Lee-Seung,25,3,166.2102621
Lee-Seung,25,4,165.9329366
Lee-Seung,25,5,165.6662281
Lee-Seung,25,6,165.4076698
Lee-Seung,25,7,165.1548759
Lee-Seung,25,8,164.9054818
Lee-Seung,25,9,164.6570883
Lee-Seung,25,10,164.4072071
Lee-Seung,25,11,164.1532082
Lee-Seung,25,12,163.8922674
Lee-Seung,25,13,163.6213144
Lee-Seung,25,14,163.3369836
Lee-Seung,25,15,163.0355688
Lee-Seung,25,16,162.7129861
Lee-Seung,25,17,162.3647499
Lee-Seung,25,18,161.9859718
Lee-Seung,25,19,161.5713898
Lee-Seung,25,20,161.1154431
Lee-Seung,25,21,160.6124053
Lee-Seung,25,22,160.0565914
Lee-Seung,25,23,159.4426491
Lee-Seung,25,24,158.7659381
Lee-Seung,25,25,158.0229875
Lee-Seung,25,26,157.211998
Lee-Seung,25,27,156.3333349
Lee-Seung,25,28,155.3899274
Lee-Seung,25,29,154.387482
Lee-Seung,25,30,153.3344164
Lee-Seung,25,31,152.2414616
Lee-Seung,25,32,151.1209368
Lee-Seung,25,33,149.9857809
Lee-Seung,25,34,148.8484879
Lee-Seung,25,35,147.7201264
Lee-Seung,25,36,146.6096033
Lee-Seung,25,37,145.5232748
Lee-Seung,25,38,144.4649195
Lee-Seung,25,39,143.4360197
Lee-Seung,25,40,142.4362443
Lee-Seung,25,41,141.4640146
Lee-Seung,25,42,140.5170539
Lee-Seung,25,43,139.592848
Lee-Seung,25,44,138.6889854
Lee-Seung,25,45,137.8033729
Lee-Seung,25,46,136.9343416
Lee-Seung,25,47,136.0806718
Lee-Seung,25,48,135.2415624
Lee-Seung,25,49,134.416572
Lee-Seung,25,50,133.6055471
Lee-Seung,25,51,132.8085535
Lee-Seung,25,52,132.0258133
Lee-Seung,25,53,131.2576524
Lee-Seung,25,54,130.5044569
Lee-Seung,25,55,129.7666361
Lee-Seung,25,56,129.0445918
Lee-Seung,25,57,128.3386908
Lee-Seung,25,58,127.649242
Lee-Seung,25,59,126.9764768
Lee-Seung,25,60,126.3205356
Lee-Seung,25,61,125.681458
Lee-Seung,25,62,125.0591797
Lee-Seung,25,63,124.4535349
Lee-Seung,25,64,123.8642623
Lee-Seung,25,65,123.2910157
Lee-Seung,25,66,122.7333763
Lee-Seung,25,67,122.1908666
Lee-Seung,25,68,121.6629638
Lee-Seung,25,69,121.1491136
Lee-Seung,25,70,120.6487424
Lee-Seung,25,71,120.1612681
Lee-Seung,25,72,119.6861098
Lee-Seung,25,73,119.2226962
Lee-Seung,25,74,118.7704725
Lee-Seung,25,75,118.3289063
Lee-Seung,25,76,117.8974916
Lee-Seung,25,77,117.4757532
Lee-Seung,25,78,117.0632484
Lee-Seung,25,79,116.659569
Lee-Seung,25,80,116.2643416
Lee-Seung,25,81,115.8772278
Lee-Seung,25,82,115.4979232
Lee-Seung,25,83,115.126156
Lee-Seung,25,84,114.7616851
Lee-Seung,25,85,114.4042976
Lee-Seung,25,86,114.0538064
Lee-Seung,25,87,113.7100468
Lee-Seung,25,88,113.3728736
Lee-Seung,25,89,113.0421577
Lee-Seung,25,90,112.7177831
Lee-Seung,25,91,112.3996436
Lee-Seung,25,92,112.0876403
Lee-Seung,25,93,111.7816789
Lee-Seung,25,94,111.481668
Lee-Seung,25,95,111.1875171
Lee-Seung,25,96,110.8991361
Lee-Seung,25,97,110.6164338
Lee-Seung,25,98,110.339318
Lee-Seung,25,99,110.0676951
Lee-Seung,25,100,109.8014698
Lee-Seung,25,101,109.5405457
Lee-Seung,25,102,109.2848249
Lee-Seung,25,103,109.0342086
Lee-Seung,25,104,108.7885972
Lee-Seung,25,105,108.5478902
Lee-Seung,25,106,108.3119869
Lee-Seung,25,107,108.0807862
Lee-Seung,25,108,107.8541872
Lee-Seung,25,109,107.6320887
Lee-Seung,25,110,107.4143904
Lee-Seung,25,111,107.2009921
Lee-Seung,25,112,106.9917947
Lee-Seung,25,113,106.7866997
Lee-Seung,25,114,106.5856099
Lee-Seung,25,115,106.3884294
Lee-Seung,25,116,106.1950638
Lee-Seung,25,117,106.00542
Lee-Seung,25,118,105.819407
Lee-Seung,25,119,105.6369353
Lee-Seung,25,120,105.4579175
Lee-Seung,25,121,105.282268
Lee-Seung,25,122,105.1099034
Lee-Seung,25,123,104.9407423
Lee-Seung,25,124,104.7747054
Lee-Seung,25,125,104.6117154
Lee-Seung,25,126,104.4516972
Lee-Seung,25,127,104.2945776
Lee-Seung,25,128,104.1402857
Lee-Seung,25,129,103.9887523
Lee-Seung,25,130,103.8399104
Lee-Seung,25,131,103.6936949
Lee-Seung,25,132,103.5500426
Lee-Seung,25,133,103.4088922
Lee-Seung,25,134,103.2701841
Lee-Seung,25,135,103.1338606
Lee-Seung,25,136,102.9998656
Lee-Seung,25,137,102.8681448
Lee-Seung,25,138,102.7386454
Lee-Seung,25,139,102.6113163
Lee-Seung,25,140,102.4861079
Lee-Seung,25,141,102.3629719
Lee-Seung,25,142,102.2418617
Lee-Seung,25,143,102.1227319
Lee-Seung,25,144,102.0055384
Lee-Seung,25,145,101.8902387
Lee-Seung,25,146,101.7767911
Lee-Seung,25,147,101.6651554
Lee-Seung,25,148,101.5552925
Lee-Seung,25,149,101.4471644
Lee-Seung,25,150,101.3407342
Lee-Seung,25,151,101.235966
Lee-Seung,25,152,101.1328249
Lee-Seung,25,153,101.0312772
Lee-Seung,25,154,100.9312898
Lee-Seung,25,155,100.8328308
Lee-Seung,25,156,100.7358691
Lee-Seung,25,157,100.6403745
Lee-Seung,25,158,100.5463175
Lee-Seung,25,159,100.4536696
Lee-Seung,25,160,100.362403
Lee-Seung,25,161,100.2724907
Lee-Seung,25,162,100.1839062
Lee-Seung,25,163,100.096624
Lee-Seung,25,164,100.010619
Lee-Seung,25,165,99.92586704
Lee-Seung,25,166,99.84234431
Lee-Seung,25,167,99.7600277
Lee-Seung,25,168,99.67889466
Lee-Seung,25,169,99.59892317
Lee-Seung,25,170,99.52009175
Lee-Seung,25,171,99.44237941
Lee-Seung,25,172,99.36576567
Lee-Seung,25,173,99.2902305
Lee-Seung,25,174,99.21575435
Lee-Seung,25,175,99.1423181
Lee-Seung,25,176,99.06990308
Lee-Seung,25,177,98.99849103
Lee-Seung,25,178,98.92806412
Lee-Seung,25,179,98.85860491
Lee-Seung,25,180,98.79009635
Lee-Seung,25,181,98.72252179
Lee-Seung,25,182,98.65586494
Lee-Seung,25,183,98.5901099
Lee-Seung,25,184,98.52524109
Lee-Seung,25,185,98.46124331
Lee-Seung,25,186,98.39810168
Lee-Seung,25,187,98.33580168
Lee-Seung,25,188,98.2743291
Lee-Seung,25,189,98.21367003
Lee-Seung,25,190,98.1538109
Lee-Seung,25,191,98.09473842
Lee-Seung,25,192,98.03643962
Lee-Seung,25,193,97.97890179
Lee-Seung,25,194,97.92211252
Lee-Seung,25,195,97.86605968
Lee-Seung,25,196,97.81073139
Lee-Seung,25,197,97.75611605
Lee-Seung,25,198,97.7022023
Lee-Seung,25,199,97.64897904
Lee-Seung,25,200,97.59643541
Lee-Seung,25,201,97.54456078
Lee-Seung,25,202,97.49334476
Lee-Seung,25,203,97.44277718
Lee-Seung,25,204,97.39284808
Lee-Seung,25,205,97.34354773
Lee-Seung,25,206,97.29486659
Lee-Seung,25,207,97.24679532
Lee-Seung,25,208,97.19932479
Lee-Seung,25,209,97.15244604
Lee-Seung,25,210,97.1061503
Lee-Seung,25,211,97.060429
Lee-Seung,25,212,97.0152737
Lee-Seung,25,213,96.97067618
Lee-Seung,25,214,96.92662833
Lee-Seung,25,215,96.88312223
Lee-Seung,25,216,96.84015011
Lee-Seung,25,217,96.79770434
Lee-Seung,25,218,96.75577743
Lee-Seung,25,219,96.71436205
Lee-Seung,25,220,96.67345097
Lee-Seung,25,221,96.63303712
Lee-Seung,25,222,96.59311353
Lee-Seung,25,223,96.55367336
Lee-Seung,25,224,96.51470987
Lee-Seung,25,225,96.47621646
Lee-Seung,25,226,96.43818661
Lee-Seung,25,227,96.40061389
Lee-Seung,25,228,96.363492
Lee-Seung,25,229,96.3268147
Lee-Seung,25,230,96.29057587
Lee-Seung,25,231,96.25476943
Lee-Seung,25,232,96.21938942
Lee-Seung,25,233,96.18442994
Lee-Seung,25,234,96.14988517
Lee-Seung,25,235,96.11574935
Lee-Seung,25,236,96.0820168
Lee-Seung,25,237,96.04868189
Lee-Seung,25,238,96.01573909
Lee-Seung,25,239,95.98318289
Lee-Seung,25,240,95.95100786
Lee-Seung,25,241,95.91920864
Lee-Seung,25,242,95.88777991
Lee-Seung,25,243,95.85671643
Lee-Seung,25,244,95.82601298
Lee-Seung,25,245,95.79566445
Lee-Seung,25,246,95.76566575
Lee-Seung,25,247,95.73601186
Lee-Seung,25,248,95.70669782
Lee-Seung,25,249,95.67771872
Lee-Seung,25,250,95.64906973
Lee-Seung,25,251,95.62074606
Lee-Seung,25,252,95.59274299
Lee-Seung,25,253,95.56505585
Lee-Seung,25,254,95.53768005
Lee-Seung,25,255,95.51061105
Lee-Seung,25,256,95.48384437
Lee-Seung,25,257,95.4573756
Lee-Seung,25,258,95.4312004
Lee-Seung,25,259,95.40531448
Lee-Seung,25,260,95.37971362
Lee-Seung,25,261,95.35439366
Lee-Seung,25,262,95.32935052
Lee-Seung,25,263,95.30458017
Lee-Seung,25,264,95.28007863
Lee-Seung,25,265,95.25584203
Lee-Seung,25,266,95.23186651
Lee-Seung,25,267,95.20814831
Lee-Seung,25,268,95.18468371
Lee-Seung,25,269,95.16146907
Lee-Seung,25,270,95.13850079
Lee-Seung,25,271,95.11577535
Lee-Seung,25,272,95.09328929
Lee-Seung,25,273,95.07103918
Lee-Seung,25,274,95.04902168
Lee-Seung,25,275,95.02723349
Lee-Seung,25,276,95.00567137
Lee-Seung,25,277,94.98433213
Lee-Seung,25,278,94.96321263
Lee-Seung,25,279,94.94230979
Lee-Seung,25,280,94.92162058
Lee-Seung,25,281,94.90114202
Lee-Seung,25,282,94.88087116
Lee-Seung,25,283,94.86080512
Lee-Seung,25,284,94.84094105
Lee-Seung,25,285,94.82127615
Lee-Seung,25,286,94.80180766
Lee-Seung,25,287,94.78253287
Lee-Seung,25,288,94.7634491
Lee-Seung,25,289,94.74455371
Lee-Seung,25,290,94.72584409
Lee-Seung,25,291,94.70731769
Lee-Seung,25,292,94.68897198
Lee-Seung,25,293,94.67080445
Lee-Seung,25,294,94.65281264
Lee-Seung,25,295,94.63499413
Lee-Seung,25,296,94.61734651
Lee-Seung,25,297,94.59986742
Lee-Seung,25,298,94.5825545
Lee-Seung,25,299,94.56540545
Lee-Seung,25,300,94.54841797
APG,25,1,165.8728198
APG,25,2,165.1902245
APG,25,3,164.6529075
APG,25,4,164.1494086
APG,25,5,163.6650775
APG,25,6,163.1696051
APG,25,7,162.6457897
APG,25,8,162.0526965
APG,25,9,161.3554623
APG,25,10,160.5002592
APG,25,11,159.4250164
APG,25,12,158.0858296
APG,25,13,156.4236145
APG,25,14,154.4510418
APG,25,15,152.2243346
APG,25,16,149.8255046
APG,25,17,147.4560424
APG,25,18,145.1420865
APG,25,19,143.0333226
APG,25,20,141.026945
APG,25,21,139.1949716
APG,25,22,137.4114275
APG,25,23,135.7108109
APG,25,24,134.0418752
APG,25,25,132.4227969
APG,25,26,130.8622856
APG,25,27,129.362883
APG,25,28,127.9427266
APG,25,29,126.6052913
APG,25,30,125.3424098
APG,25,31,124.1725015
APG,25,32,123.0581201
APG,25,33,122.0290967
APG,25,34,121.0384907
APG,25,35,120.1160868
APG,25,36,119.22195
APG,25,37,118.380164
APG,25,38,117.5627416
APG,25,39,116.7892877
APG,25,40,116.0348032
APG,25,41,115.3148279
APG,25,42,114.6127146
APG,25,43,113.9415581
APG,25,44,113.2881301
APG,25,45,112.660104
APG,25,46,112.0495895
APG,25,47,111.4628617
APG,25,48,110.8943138
APG,25,49,110.3475233
APG,25,50,109.8197749
APG,25,51,109.3111048
APG,25,52,108.8227364
APG,25,53,108.3511845
APG,25,54,107.8996089
APG,25,55,107.4621507
APG,25,56,107.0441377
APG,25,57,106.6385834
APG,25,58,106.2505139
APG,25,59,105.8748452
APG,25,60,105.5126032
APG,25,61,105.1652482
APG,25,62,104.8264774
APG,25,63,104.5035384
APG,25,64,104.1866407
APG,25,65,103.8869327
APG,25,66,103.5904791
APG,25,67,103.3120949
APG,25,68,103.0352491
APG,25,69,102.7765166
APG,25,70,102.5180337
APG,25,71,102.2771949
APG,25,72,102.0358245
APG,25,73,101.8118754
APG,25,74,101.5871352
APG,25,75,101.3786521
APG,25,76,101.1695473
APG,25,77,100.9752602
APG,25,78,100.7805985
APG,25,79,100.5995372
APG,25,80,100.418071
APG,25,81,100.249524
APG,25,82,100.0809093
APG,25,83,99.92397844
APG,25,84,99.76704649
APG,25,85,99.62051393
APG,25,86,99.47462428
APG,25,87,99.33781344
APG,25,88,99.20197414
APG,25,89,99.07445262
APG,25,90,98.94781617
APG,25,91,98.82867828
APG,25,92,98.71023087
APG,25,93,98.59865567
APG,25,94,98.48795756
APG,25,95,98.38314222
APG,25,96,98.27952869
APG,25,97,98.1810147
APG,25,98,98.08399102
APG,25,99,97.99117601
APG,25,100,97.90012859
APG,25,101,97.81263813
APG,25,102,97.7271845
APG,25,103,97.64456343
APG,25,104,97.56422871
APG,25,105,97.48619231
APG,25,106,97.41071554
APG,25,107,97.33675046
APG,25,108,97.26564826
APG,25,109,97.19548339
APG,25,110,97.12862914
APG,25,111,97.06195799
APG,25,112,96.9989027
APG,25,113,96.93544103
APG,25,114,96.87607819
APG,25,115,96.81547377
APG,25,116,96.75934779
APG,25,117,96.70130249
APG,25,118,96.64828874
APG,25,119,96.59262566
APG,25,120,96.54241294
APG,25,121,96.48890821
APG,25,122,96.44130428
APG,25,123,96.38976324
APG,25,124,96.34455833
APG,25,125,96.29488847
APG,25,126,96.25187776
APG,25,127,96.20393238
APG,25,128,96.16293746
APG,25,129,96.11658898
APG,25,130,96.07743997
APG,25,131,96.03257269
APG,25,132,95.99509966
APG,25,133,95.95168048
APG,25,134,95.91572611
APG,25,135,95.87373358
APG,25,136,95.83922679
APG,25,137,95.79850486
APG,25,138,95.76527195
APG,25,139,95.72583117
APG,25,140,95.69385284
APG,25,141,95.65550803
APG,25,142,95.62453386
APG,25,143,95.58741552
APG,25,144,95.55737119
APG,25,145,95.52134022
APG,25,146,95.49216548
APG,25,147,95.45712291
APG,25,148,95.4287228
APG,25,149,95.39470273
APG,25,150,95.36702407
APG,25,151,95.33389382
APG,25,152,95.30692361
APG,25,153,95.27467031
APG,25,154,95.2483053
APG,25,155,95.21692372
APG,25,156,95.19108032
APG,25,157,95.16051711
APG,25,158,95.13522017
APG,25,159,95.10548371
APG,25,160,95.08065183
APG,25,161,95.05174961
APG,25,162,95.02728821
APG,25,163,94.99921689
APG,25,164,94.97511971
APG,25,165,94.94779037
APG,25,166,94.92405649
APG,25,167,94.8974275
APG,25,168,94.87413483
APG,25,169,94.84813652
APG,25,170,94.82530143
APG,25,171,94.79987068
APG,25,172,94.77743759
APG,25,173,94.75254493
APG,25,174,94.73052431
APG,25,175,94.70618164
APG,25,176,94.68459854
APG,25,177,94.66074328
APG,25,178,94.63952679
APG,25,179,94.61622035
APG,25,180,94.5952375
APG,25,181,94.57257596
APG,25,182,94.55184014
APG,25,183,94.52972527
APG,25,184,94.50926099
APG,25,185,94.48767791
APG,25,186,94.46746622
APG,25,187,94.44639559
APG,25,188,94.4264529
APG,25,189,94.40588501
APG,25,190,94.38618887
APG,25,191,94.36609411
APG,25,192,94.34662697
APG,25,193,94.32703931
APG,25,194,94.30781632
APG,25,195,94.28867561
APG,25,196,94.26968367
APG,25,197,94.25100165
APG,25,198,94.23221128
APG,25,199,94.21396825
APG,25,200,94.19542605
APG,25,201,94.17761884
APG,25,202,94.15933716
APG,25,203,94.14189401
APG,25,204,94.12389445
APG,25,205,94.10683503
APG,25,206,94.08906752
APG,25,207,94.07241783
APG,25,208,94.05488847
APG,25,209,94.03861776
APG,25,210,94.02129581
APG,25,211,94.00543394
APG,25,212,93.98829533
APG,25,213,93.97282901
APG,25,214,93.95587457
APG,25,215,93.94079127
APG,25,216,93.92401426
APG,25,217,93.90931182
APG,25,218,93.89272113
APG,25,219,93.87840638
APG,25,220,93.8619821
APG,25,221,93.8480237
APG,25,222,93.83179141
APG,25,223,93.8181604
APG,25,224,93.80212349
APG,25,225,93.78881548
APG,25,226,93.77295626
APG,25,227,93.76000693
APG,25,228,93.74430388
APG,25,229,93.73166664
APG,25,230,93.71613266
APG,25,231,93.70380954
APG,25,232,93.68845032
APG,25,233,93.67642836
APG,25,234,93.6612436
APG,25,235,93.6495163
APG,25,236,93.6345132
APG,25,237,93.62307811
APG,25,238,93.60825614
APG,25,239,93.59711435
APG,25,240,93.58247962
APG,25,241,93.57163271
APG,25,242,93.55715236
APG,25,243,93.54658149
APG,25,244,93.5322708
APG,25,245,93.52199078
APG,25,246,93.50781763
APG,25,247,93.49782494
APG,25,248,93.48379896
APG,25,249,93.47407937
APG,25,250,93.46018604
APG,25,251,93.45071787
APG,25,252,93.43697037
APG,25,253,93.42773986
APG,25,254,93.41413416
APG,25,255,93.40515544
APG,25,256,93.3916818
APG,25,257,93.38295488
APG,25,258,93.36961276
APG,25,259,93.36111881
APG,25,260,93.34791282
APG,25,261,93.33966221
APG,25,262,93.32655707
APG,25,263,93.31852373
APG,25,264,93.3055651
APG,25,265,93.29774974
APG,25,266,93.28493174
APG,25,267,93.27732442
APG,25,268,93.26462352
APG,25,269,93.25723692
APG,25,270,93.24464611
APG,25,271,93.23748117
APG,25,272,93.22498807
APG,25,273,93.21803406
APG,25,274,93.20564469
APG,25,275,93.1988979
APG,25,276,93.18660578
APG,25,277,93.18007101
APG,25,278,93.16786935
APG,25,279,93.16155727
APG,25,280,93.14942662
APG,25,281,93.1433378
APG,25,282,93.13128334
APG,25,283,93.12540269
APG,25,284,93.11341672
APG,25,285,93.10774053
APG,25,286,93.09583199
APG,25,287,93.09036147
APG,25,288,93.07853218
APG,25,289,93.07326608
APG,25,290,93.06148757
APG,25,291,93.05643315
APG,25,292,93.04472271
APG,25,293,93.0398581
APG,25,294,93.02822481
APG,25,295,93.02354664
APG,25,296,93.01198685
APG,25,297,93.00748702
APG,25,298,92.99600607
APG,25,299,92.99167629
APG,25,300,92.98026818
HALS_RRI,50,1,164.5244719
HALS_RRI,50,2,118.0311455
HALS_RRI,50,3,106.2121286
HALS_RRI,50,4,99.94025035
HALS_RRI,50,5,95.93182621
HALS_RRI,50,6,93.13985976
HALS_RRI,50,7,91.08859723
HALS_RRI,50,8,89.51594034
HALS_RRI,50,9,88.26604581
HALS_RRI,50,10,87.24687284
HALS_RRI,50,11,86.39666621
HALS_RRI,50,12,85.67515483
HALS_RRI,50,13,85.0541696
HALS_RRI,50,14,84.51321847
HALS_RRI,50,15,84.03552475
HALS_RRI,50,16,83.60776732
HALS_RRI,50,17,83.21919824
HALS_RRI,50,18,82.86261848
HALS_RRI,50,19,82.53334735
HALS_RRI,50,20,82.22849177
HALS_RRI,50,21,81.94625693
HALS_RRI,50,22,81.68409267
HALS_RRI,50,23,81.43908855
HALS_RRI,50,24,81.20937577
HALS_RRI,50,25,80.99354151
HALS_RRI,50,26,80.7901949
HALS_RRI,50,27,80.59837127
HALS_RRI,50,28,80.41701057
HALS_RRI,50,29,80.24475293
HALS_RRI,50,30,80.080839
HALS_RRI,50,31,79.92470638
HALS_RRI,50,32,79.77599894
HALS_RRI,50,33,79.63398583
HALS_RRI,50,34,79.49817202
HALS_RRI,50,35,79.36801112
HALS_RRI,50,36,79.24333169
HALS_RRI,50,37,79.12387824
HALS_RRI,50,38,79.00925828
HALS_RRI,50,39,78.89946757
HALS_RRI,50,40,78.79425494
HALS_RRI,50,41,78.69324262
HALS_RRI,50,42,78.59624609
HALS_RRI,50,43,78.50317406
HALS_RRI,50,44,78.41359863
HALS_RRI,50,45,78.32725275
HALS_RRI,50,46,78.24390619
HALS_RRI,50,47,78.16337217
HALS_RRI,50,48,78.08559848
HALS_RRI,50,49,78.0104216
HALS_RRI,50,50,77.9376411
HALS_RRI,50,51,77.8672051
HALS_RRI,50,52,77.79904531
HALS_RRI,50,53,77.73312539
HALS_RRI,50,54,77.66934259
HALS_RRI,50,55,77.60761717
HALS_RRI,50,56,77.54795076
HALS_RRI,50,57,77.49017859
HALS_RRI,50,58,77.43420802
HALS_RRI,50,59,77.37997719
HALS_RRI,50,60,77.32740869
HALS_RRI,50,61,77.27641668
HALS_RRI,50,62,77.22694805
HALS_RRI,50,63,77.17887859
HALS_RRI,50,64,77.13208316
HALS_RRI,50,65,77.08656027
HALS_RRI,50,66,77.04227316
HALS_RRI,50,67,76.99917852
HALS_RRI,50,68,76.95717634
HALS_RRI,50,69,76.91625643
HALS_RRI,50,70,76.87637318
HALS_RRI,50,71,76.83748521
HALS_RRI,50,72,76.79954212
HALS_RRI,50,73,76.76249201
HALS_RRI,50,74,76.72625496
HALS_RRI,50,75,76.69081192
HALS_RRI,50,76,76.65614229
HALS_RRI,50,77,76.62225281
HALS_RRI,50,78,76.58903822
HALS_RRI,50,79,76.55649409
HALS_RRI,50,80,76.52458382
HALS_RRI,50,81,76.4932708
HALS_RRI,50,82,76.46253943
HALS_RRI,50,83,76.43244369
HALS_RRI,50,84,76.40291225
HALS_RRI,50,85,76.37398079
HALS_RRI,50,86,76.34558792
HALS_RRI,50,87,76.31769579
HALS_RRI,50,88,76.29029283
HALS_RRI,50,89,76.26333518
HALS_RRI,50,90,76.23681895
HALS_RRI,50,91,76.21072327
HALS_RRI,50,92,76.18501868
HALS_RRI,50,93,76.15968335
HALS_RRI,50,94,76.13470629
HALS_RRI,50,95,76.11005817
HALS_RRI,50,96,76.08572351
HALS_RRI,50,97,76.06169342
HALS_RRI,50,98,76.03798208
HALS_RRI,50,99,76.01459224
HALS_RRI,50,100,75.99152353
HALS_RRI,50,101,75.96877427
HALS_RRI,50,102,75.94633304
HALS_RRI,50,103,75.92417239
HALS_RRI,50,104,75.90225975
HALS_RRI,50,105,75.88058892
HALS_RRI,50,106,75.85916549
HALS_RRI,50,107,75.83801785
HALS_RRI,50,108,75.81713656
HALS_RRI,50,109,75.79652241
HALS_RRI,50,110,75.77619203
HALS_RRI,50,111,75.75613539
HALS_RRI,50,112,75.73631403
HALS_RRI,50,113,75.71672725
HALS_RRI,50,114,75.6973833
HALS_RRI,50,115,75.67825823
HALS_RRI,50,116,75.65935072
HALS_RRI,50,117,75.64065928
HALS_RRI,50,118,75.62217176
HALS_RRI,50,119,75.60388004
HALS_RRI,50,120,75.58578862
HALS_RRI,50,121,75.5678892
HALS_RRI,50,122,75.55018464
HALS_RRI,50,123,75.53266684
HALS_RRI,50,124,75.5153326
HALS_RRI,50,125,75.4981929
HALS_RRI,50,126,75.4812581
HALS_RRI,50,127,75.46451426
HALS_RRI,50,128,75.44796929
HALS_RRI,50,129,75.43163328
HALS_RRI,50,130,75.41548856
HALS_RRI,50,131,75.39952771
HALS_RRI,50,132,75.38376414
HALS_RRI,50,133,75.3682
HALS_RRI,50,134,75.35284815
HALS_RRI,50,135,75.3377082
HALS_RRI,50,136,75.32277949
HALS_RRI,50,137,75.30806755
HALS_RRI,50,138,75.29356908
HALS_RRI,50,139,75.27927447
HALS_RRI,50,140,75.26518403
HALS_RRI,50,141,75.25131088
HALS_RRI,50,142,75.23764521
HALS_RRI,50,143,75.22419374
HALS_RRI,50,144,75.21096067
HALS_RRI,50,145,75.19793686
HALS_RRI,50,146,75.1851176
HALS_RRI,50,147,75.17252054
HALS_RRI,50,148,75.16013379
HALS_RRI,50,149,75.14793981
HALS_RRI,50,150,75.13592534
HALS_RRI,50,151,75.12408961
HALS_RRI,50,152,75.11241745
HALS_RRI,50,153,75.10092405
HALS_RRI,50,154,75.08960159
HALS_RRI,50,155,75.07843675
HALS_RRI,50,156,75.06742683
HALS_RRI,50,157,75.05658017
HALS_RRI,50,158,75.04590698
HALS_RRI,50,159,75.03539514
HALS_RRI,50,160,75.02504196
HALS_RRI,50,161,75.01483765
HALS_RRI,50,162,75.00477405
HALS_RRI,50,163,74.99483926
HALS_RRI,50,164,74.98502886
HALS_RRI,50,165,74.97532839
HALS_RRI,50,166,74.96572843
HALS_RRI,50,167,74.95623219
HALS_RRI,50,168,74.94683286
HALS_RRI,50,169,74.93753843
HALS_RRI,50,170,74.92833866
HALS_RRI,50,171,74.91922448
HALS_RRI,50,172,74.91018987
HALS_RRI,50,173,74.90122918
HALS_RRI,50,174,74.8923395
HALS_RRI,50,175,74.8835142
HALS_RRI,50,176,74.87475165
HALS_RRI,50,177,74.86605708
HALS_RRI,50,178,74.85742717
HALS_RRI,50,179,74.84885899
HALS_RRI,50,180,74.84034688
HALS_RRI,50,181,74.83188911
HALS_RRI,50,182,74.82348897
HALS_RRI,50,183,74.81514555
HALS_RRI,50,184,74.80685872
HALS_RRI,50,185,74.79862313
HALS_RRI,50,186,74.79043618
HALS_RRI,50,187,74.78229629
HALS_RRI,50,188,74.77420685
HALS_RRI,50,189,74.7661657
HALS_RRI,50,190,74.75817621
HALS_RRI,50,191,74.75025724
HALS_RRI,50,192,74.74240486
HALS_RRI,50,193,74.73460983
HALS_RRI,50,194,74.72687064
HALS_RRI,50,195,74.71919066
HALS_RRI,50,196,74.71157971
HALS_RRI,50,197,74.70403304
HALS_RRI,50,198,74.69654664
HALS_RRI,50,199,74.68911948
HALS_RRI,50,200,74.6817495
HALS_RRI,50,201,74.67443263
HALS_RRI,50,202,74.66716741
HALS_RRI,50,203,74.65995473
HALS_RRI,50,204,74.65279735
HALS_RRI,50,205,74.64569598
HALS_RRI,50,206,74.6386548
HALS_RRI,50,207,74.6316777
HALS_RRI,50,208,74.62476244
HALS_RRI,50,209,74.61791598
HALS_RRI,50,210,74.61113201
HALS_RRI,50,211,74.60441162
HALS_RRI,50,212,74.59775527
HALS_RRI,50,213,74.59116658
HALS_RRI,50,214,74.58464104
HALS_RRI,50,215,74.57818411
HALS_RRI,50,216,74.57179681
HALS_RRI,50,217,74.56548404
HALS_RRI,50,218,74.55924587
HALS_RRI,50,219,74.55307854
HALS_RRI,50,220,74.54698231
HALS_RRI,50,221,74.54096389
HALS_RRI,50,222,74.53502568
HALS_RRI,50,223,74.52917246
HALS_RRI,50,224,74.52339823
HALS_RRI,50,225,74.51769877
HALS_RRI,50,226,74.51206875
HALS_RRI,50,227,74.50650934
HALS_RRI,50,228,74.50101838
HALS_RRI,50,229,74.49559218
HALS_RRI,50,230,74.4902274
HALS_RRI,50,231,74.48492338
HALS_RRI,50,232,74.47967723
HALS_RRI,50,233,74.47448692
HALS_RRI,50,234,74.46935411
HALS_RRI,50,235,74.46428098
HALS_RRI,50,236,74.45926824
HALS_RRI,50,237,74.45431541
HALS_RRI,50,238,74.44941763
HALS_RRI,50,239,74.44457309
HALS_RRI,50,240,74.439778
HALS_RRI,50,241,74.43503256
HALS_RRI,50,242,74.43033423
HALS_RRI,50,243,74.4256825
HALS_RRI,50,244,74.42107458
HALS_RRI,50,245,74.41650757
HALS_RRI,50,246,74.41198119
HALS_RRI,50,247,74.40749306
HALS_RRI,50,248,74.4030439
HALS_RRI,50,249,74.39863546
HALS_RRI,50,250,74.39426516
HALS_RRI,50,251,74.3899317
HALS_RRI,50,252,74.38563337
HALS_RRI,50,253,74.38136865
HALS_RRI,50,254,74.3771354
HALS_RRI,50,255,74.3729333
HALS_RRI,50,256,74.3687629
HALS_RRI,50,257,74.36462506
HALS_RRI,50,258,74.36052005
HALS_RRI,50,259,74.35644696
HALS_RRI,50,260,74.35240518
HALS_RRI,50,261,74.34839746
HALS_RRI,50,262,74.34442277
HALS_RRI,50,263,74.34048205
HALS_RRI,50,264,74.33657555
HALS_RRI,50,265,74.33270389
HALS_RRI,50,266,74.32886697
HALS_RRI,50,267,74.32506403
HALS_RRI,50,268,74.32129368
HALS_RRI,50,269,74.31755525
HALS_RRI,50,270,74.31384962
HALS_RRI,50,271,74.31017813
HALS_RRI,50,272,74.30654223
HALS_RRI,50,273,74.30294091
HALS_RRI,50,274,74.29937458
HALS_RRI,50,275,74.29584107
HALS_RRI,50,276,74.29234296
HALS_RRI,50,277,74.28888459
HALS_RRI,50,278,74.28546342
HALS_RRI,50,279,74.28208037
HALS_RRI,50,280,74.27873642
HALS_RRI,50,281,74.27543277
HALS_RRI,50,282,74.27217048
HALS_RRI,50,283,74.2689489
HALS_RRI,50,284,74.26576746
HALS_RRI,50,285,74.26262662
HALS_RRI,50,286,74.25952526
HALS_RRI,50,287,74.25646182
HALS_RRI,50,288,74.25343502
HALS_RRI,50,289,74.25044279
HALS_RRI,50,290,74.24748385
HALS_RRI,50,291,74.24455762
HALS_RRI,50,292,74.2416631
HALS_RRI,50,293,74.23880111
HALS_RRI,50,294,74.23597122
HALS_RRI,50,295,74.23317304
HALS_RRI,50,296,74.23040541
HALS_RRI,50,297,74.2276677
HALS_RRI,50,298,74.22496023
HALS_RRI,50,299,74.22228381
HALS_RRI,50,300,74.21963713
Lee-Seung,50,1,164.1353444
Lee-Seung,50,2,163.9517171
Lee-Seung,50,3,163.7780745
Lee-Seung,50,4,163.6037645
Lee-Seung,50,5,163.4267276
Lee-Seung,50,6,163.2447851
Lee-Seung,50,7,163.0555801
Lee-Seung,50,8,162.8565161
Lee-Seung,50,9,162.6446944
Lee-Seung,50,10,162.4168507
Lee-Seung,50,11,162.1692904
Lee-Seung,50,12,161.897829
Lee-Seung,50,13,161.5977401
Lee-Seung,50,14,161.2637212
Lee-Seung,50,15,160.8898874
Lee-Seung,50,16,160.4698107
Lee-Seung,50,17,159.9966241
Lee-Seung,50,18,159.4632141
Lee-Seung,50,19,158.8625247
Lee-Seung,50,20,158.1879939
Lee-Seung,50,21,157.4341242
Lee-Seung,50,22,156.5971687
Lee-Seung,50,23,155.6758702
Lee-Seung,50,24,154.6721468
Lee-Seung,50,25,153.5915716
Lee-Seung,50,26,152.4434774
Lee-Seung,50,27,151.2405481
Lee-Seung,50,28,149.9978531
Lee-Seung,50,29,148.7314247
Lee-Seung,50,30,147.456631
Lee-Seung,50,31,146.1866817
Lee-Seung,50,32,144.9315871
Lee-Seung,50,33,143.6977635
Lee-Seung,50,34,142.4882927
Lee-Seung,50,35,141.3036776
Lee-Seung,50,36,140.142843
Lee-Seung,50,37,139.0041244
Lee-Seung,50,38,137.88605
Lee-Seung,50,39,136.7878179
Lee-Seung,50,40,135.7094634
Lee-Seung,50,41,134.6517831
Lee-Seung,50,42,133.6161154
Lee-Seung,50,43,132.6040744
Lee-Seung,50,44,131.6173047
Lee-Seung,50,45,130.6572932
Lee-Seung,50,46,129.7252417
Lee-Seung,50,47,128.8219922
Lee-Seung,50,48,127.9479923
Lee-Seung,50,49,127.1032884
Lee-Seung,50,50,126.2875428
Lee-Seung,50,51,125.500069
Lee-Seung,50,52,124.7398825
Lee-Seung,50,53,124.0057625
Lee-Seung,50,54,123.2963185
Lee-Seung,50,55,122.610056
Lee-Seung,50,56,121.9454359
Lee-Seung,50,57,121.300925
Lee-Seung,50,58,120.6750348
Lee-Seung,50,59,120.0663506
Lee-Seung,50,60,119.4735508
Lee-Seung,50,61,118.8954183
Lee-Seung,50,62,118.3308465
Lee-Seung,50,63,117.7788403
Lee-Seung,50,64,117.2385138
Lee-Seung,50,65,116.7090858
Lee-Seung,50,66,116.1898727
Lee-Seung,50,67,115.6802809
Lee-Seung,50,68,115.1797978
Lee-Seung,50,69,114.6879828
Lee-Seung,50,70,114.2044577
Lee-Seung,50,71,113.7288984
Lee-Seung,50,72,113.261026
Lee-Seung,50,73,112.8006
Lee-Seung,50,74,112.3474109
Lee-Seung,50,75,111.9012751
Lee-Seung,50,76,111.4620294
Lee-Seung,50,77,111.0295274
Lee-Seung,50,78,110.6036359
Lee-Seung,50,79,110.1842327
Lee-Seung,50,80,109.7712038
Lee-Seung,50,81,109.3644425
Lee-Seung,50,82,108.9638476
Lee-Seung,50,83,108.5693226
Lee-Seung,50,84,108.1807747
Lee-Seung,50,85,107.7981147
Lee-Seung,50,86,107.4212558
Lee-Seung,50,87,107.0501142
Lee-Seung,50,88,106.6846077
Lee-Seung,50,89,106.3246568
Lee-Seung,50,90,105.9701834
Lee-Seung,50,91,105.6211113
Lee-Seung,50,92,105.277366
Lee-Seung,50,93,104.9388745
Lee-Seung,50,94,104.6055649
Lee-Seung,50,95,104.2773667
Lee-Seung,50,96,103.9542104
Lee-Seung,50,97,103.6360272
Lee-Seung,50,98,103.3227489
Lee-Seung,50,99,103.0143078
Lee-Seung,50,100,102.7106366
Lee-Seung,50,101,102.411668
Lee-Seung,50,102,102.1173347
Lee-Seung,50,103,101.8275693
Lee-Seung,50,104,101.5423044
Lee-Seung,50,105,101.2614723
Lee-Seung,50,106,100.9850053
Lee-Seung,50,107,100.7128353
Lee-Seung,50,108,100.4448945
Lee-Seung,50,109,100.1811146
Lee-Seung,50,110,99.92142792
Lee-Seung,50,111,99.66576648
Lee-Seung,50,112,99.41406276
Lee-Seung,50,113,99.16624957
Lee-Seung,50,114,98.92226011
Lee-Seung,50,115,98.68202813
Lee-Seung,50,116,98.44548793
Lee-Seung,50,117,98.21257452
Lee-Seung,50,118,97.98322359
Lee-Seung,50,119,97.75737164
Lee-Seung,50,120,97.53495595
Lee-Seung,50,121,97.31591466
Lee-Seung,50,122,97.10018677
Lee-Seung,50,123,96.88771214
Lee-Seung,50,124,96.67843153
Lee-Seung,50,125,96.47228654
Lee-Seung,50,126,96.26921963
Lee-Seung,50,127,96.06917411
Lee-Seung,50,128,95.87209412
Lee-Seung,50,129,95.67792457
Lee-Seung,50,130,95.48661119
Lee-Seung,50,131,95.29810048
Lee-Seung,50,132,95.11233969
Lee-Seung,50,133,94.92927684
Lee-Seung,50,134,94.74886072
Lee-Seung,50,135,94.57104085
Lee-Seung,50,136,94.39576758
Lee-Seung,50,137,94.22299201
Lee-Seung,50,138,94.05266604
Lee-Seung,50,139,93.88474242
Lee-Seung,50,140,93.71917473
Lee-Seung,50,141,93.55591739
Lee-Seung,50,142,93.39492572
Lee-Seung,50,143,93.23615591
Lee-Seung,50,144,93.07956505
Lee-Seung,50,145,92.92511116
Lee-Seung,50,146,92.77275316
Lee-Seung,50,147,92.62245089
Lee-Seung,50,148,92.4741651
Lee-Seung,50,149,92.32785746
Lee-Seung,50,150,92.18349055
Lee-Seung,50,151,92.04102785
Lee-Seung,50,152,91.90043372
Lee-Seung,50,153,91.76167338
Lee-Seung,50,154,91.62471292
Lee-Seung,50,155,91.48951927
Lee-Seung,50,156,91.35606016
Lee-Seung,50,157,91.22430413
Lee-Seung,50,158,91.0942205
Lee-Seung,50,159,90.96577933
Lee-Seung,50,160,90.83895144
Lee-Seung,50,161,90.71370833
Lee-Seung,50,162,90.59002221
Lee-Seung,50,163,90.46786594
Lee-Seung,50,164,90.34721304
Lee-Seung,50,165,90.22803766
Lee-Seung,50,166,90.11031451
Lee-Seung,50,167,89.99401894
Lee-Seung,50,168,89.87912681
Lee-Seung,50,169,89.76561457
Lee-Seung,50,170,89.65345914
Lee-Seung,50,171,89.542638
Lee-Seung,50,172,89.4331291
Lee-Seung,50,173,89.32491085
Lee-Seung,50,174,89.21796215
Lee-Seung,50,175,89.11226232
Lee-Seung,50,176,89.00779114
Lee-Seung,50,177,88.90452878
Lee-Seung,50,178,88.80245585
Lee-Seung,50,179,88.70155336
Lee-Seung,50,180,88.60180268
Lee-Seung,50,181,88.50318561
Lee-Seung,50,182,88.40568427
Lee-Seung,50,183,88.3092812
Lee-Seung,50,184,88.21395927
Lee-Seung,50,185,88.11970171
Lee-Seung,50,186,88.0264921
Lee-Seung,50,187,87.93431437
Lee-Seung,50,188,87.84315278
Lee-Seung,50,189,87.75299195
Lee-Seung,50,190,87.6638168
Lee-Seung,50,191,87.57561259
Lee-Seung,50,192,87.48836491
Lee-Seung,50,193,87.40205967
Lee-Seung,50,194,87.31668309
Lee-Seung,50,195,87.23222171
Lee-Seung,50,196,87.14866237
Lee-Seung,50,197,87.06599224
Lee-Seung,50,198,86.98419876
Lee-Seung,50,199,86.90326969
Lee-Seung,50,200,86.82319308
Lee-Seung,50,201,86.74395726
Lee-Seung,50,202,86.66555084
Lee-Seung,50,203,86.58796273
Lee-Seung,50,204,86.51118209
Lee-Seung,50,205,86.43519835
Lee-Seung,50,206,86.36000119
Lee-Seung,50,207,86.28558055
Lee-Seung,50,208,86.21192662
Lee-Seung,50,209,86.1390298
Lee-Seung,50,210,86.06688073
Lee-Seung,50,211,85.99547027
Lee-Seung,50,212,85.92478949
Lee-Seung,50,213,85.85482964
Lee-Seung,50,214,85.78558218
Lee-Seung,50,215,85.71703874
Lee-Seung,50,216,85.64919113
Lee-Seung,50,217,85.5820313
Lee-Seung,50,218,85.51555139
Lee-Seung,50,219,85.44974365
Lee-Seung,50,220,85.38460048
Lee-Seung,50,221,85.32011439
Lee-Seung,50,222,85.25627803
Lee-Seung,50,223,85.19308415
Lee-Seung,50,224,85.13052558
Lee-Seung,50,225,85.06859528
Lee-Seung,50,226,85.00728628
Lee-Seung,50,227,84.94659168
Lee-Seung,50,228,84.88650467
Lee-Seung,50,229,84.82701852
Lee-Seung,50,230,84.76812653
Lee-Seung,50,231,84.7098221
Lee-Seung,50,232,84.65209866
Lee-Seung,50,233,84.5949497
Lee-Seung,50,234,84.53836877
Lee-Seung,50,235,84.48234945
Lee-Seung,50,236,84.42688539
Lee-Seung,50,237,84.37197026
Lee-Seung,50,238,84.31759779
Lee-Seung,50,239,84.26376174
Lee-Seung,50,240,84.21045592
Lee-Seung,50,241,84.15767418
Lee-Seung,50,242,84.1054104
Lee-Seung,50,243,84.05365853
Lee-Seung,50,244,84.00241252
Lee-Seung,50,245,83.95166639
Lee-Seung,50,246,83.9014142
Lee-Seung,50,247,83.85165005
Lee-Seung,50,248,83.80236808
Lee-Seung,50,249,83.75356249
Lee-Seung,50,250,83.7052275
Lee-Seung,50,251,83.65735741
Lee-Seung,50,252,83.60994656
Lee-Seung,50,253,83.56298931
Lee-Seung,50,254,83.51648012
Lee-Seung,50,255,83.47041347
Lee-Seung,50,256,83.42478392
Lee-Seung,50,257,83.37958605
Lee-Seung,50,258,83.33481453
Lee-Seung,50,259,83.29046408
Lee-Seung,50,260,83.24652946
Lee-Seung,50,261,83.20300552
Lee-Seung,50,262,83.15988716
Lee-Seung,50,263,83.11716932
Lee-Seung,50,264,83.07484704
Lee-Seung,50,265,83.03291539
Lee-Seung,50,266,82.99136951
Lee-Seung,50,267,82.95020463
Lee-Seung,50,268,82.90941602
Lee-Seung,50,269,82.86899901
Lee-Seung,50,270,82.828949
Lee-Seung,50,271,82.78926146
Lee-Seung,50,272,82.74993193
Lee-Seung,50,273,82.71095599
Lee-Seung,50,274,82.67232931
Lee-Seung,50,275,82.6340476
Lee-Seung,50,276,82.59610664
Lee-Seung,50,277,82.55850229
Lee-Seung,50,278,82.52123045
Lee-Seung,50,279,82.48428709
Lee-Seung,50,280,82.44766823
Lee-Seung,50,281,82.41136996
Lee-Seung,50,282,82.37538842
Lee-Seung,50,283,82.33971983
Lee-Seung,50,284,82.30436043
Lee-Seung,50,285,82.26930656
Lee-Seung,50,286,82.23455457
Lee-Seung,50,287,82.20010089
Lee-Seung,50,288,82.16594201
Lee-Seung,50,289,82.13207445
Lee-Seung,50,290,82.0984948
Lee-Seung,50,291,82.06519969
Lee-Seung,50,292,82.0321858
Lee-Seung,50,293,81.99944986
Lee-Seung,50,294,81.96698866
Lee-Seung,50,295,81.93479902
Lee-Seung,50,296,81.90287781
Lee-Seung,50,297,81.87122194
Lee-Seung,50,298,81.83982838
Lee-Seung,50,299,81.80869413
Lee-Seung,50,300,81.77781623
APG,50,1,163.825108
APG,50,2,163.4333658
APG,50,3,163.0590039
APG,50,4,162.6674873
APG,50,5,162.1938132
APG,50,6,161.6641392
APG,50,7,160.8757107
APG,50,8,159.9641021
APG,50,9,158.3917274
APG,50,10,156.6135036
APG,50,11,153.7608648
APG,50,12,150.893411
APG,50,13,147.5106178
APG,50,14,144.6010332
APG,50,15,141.9089461
APG,50,16,139.5667301
APG,50,17,137.4254956
APG,50,18,135.3370166
APG,50,19,133.4103775
APG,50,20,131.4751554
APG,50,21,129.6749224
APG,50,22,127.9543531
APG,50,23,126.3485755
APG,50,24,124.8674823
APG,50,25,123.4926328
APG,50,26,122.2196923
APG,50,27,121.0372131
APG,50,28,119.9140389
APG,50,29,118.8664572
APG,50,30,117.8528791
APG,50,31,116.8996241
APG,50,32,115.967358
APG,50,33,115.0846211
APG,50,34,114.2214228
APG,50,35,113.397568
APG,50,36,112.5923737
APG,50,37,111.8202987
APG,50,38,111.0662549
APG,50,39,110.3410994
APG,50,40,109.6326007
APG,50,41,108.9515535
APG,50,42,108.2876695
APG,50,43,107.6488852
APG,50,44,107.0263656
APG,50,45,106.4272114
APG,50,46,105.843806
APG,50,47,105.2812689
APG,50,48,104.7316223
APG,50,49,104.2012805
APG,50,50,103.6815358
APG,50,51,103.1797843
APG,50,52,102.6858545
APG,50,53,102.211203
APG,50,54,101.7425479
APG,50,55,101.2931778
APG,50,56,100.847277
APG,50,57,100.4207959
APG,50,58,99.99657026
APG,50,59,99.59145422
APG,50,60,99.18814214
APG,50,61,98.803468
APG,50,62,98.42005616
APG,50,63,98.05501651
APG,50,64,97.6899612
APG,50,65,97.34332029
APG,50,66,96.99593741
APG,50,67,96.66692083
APG,50,68,96.33689931
APG,50,69,96.02420851
APG,50,70,95.71032785
APG,50,71,95.41314453
APG,50,72,95.11480521
APG,50,73,94.83194592
APG,50,74,94.54817175
APG,50,75,94.27877709
APG,50,76,94.0089438
APG,50,77,93.75196097
APG,50,78,93.49550356
APG,50,79,93.25070515
APG,50,80,93.0063825
APG,50,81,92.77283367
APG,50,82,92.54007136
APG,50,83,92.31689363
APG,50,84,92.09488376
APG,50,85,91.88159052
APG,50,86,91.66994782
APG,50,87,91.4665903
APG,50,88,91.26496655
APG,50,89,91.07027181
APG,50,90,90.8777662
APG,50,91,90.69120713
APG,50,92,90.50735604
APG,50,93,90.32841836
APG,50,94,90.15289911
APG,50,95,89.98110492
APG,50,96,89.81320402
APG,50,97,89.64790866
APG,50,98,89.48718094
APG,50,99,89.32823828
APG,50,100,89.17443112
APG,50,101,89.02158745
APG,50,102,88.87427761
APG,50,103,88.7271335
APG,50,104,88.58587093
APG,50,105,88.44426193
APG,50,106,88.30894469
APG,50,107,88.17247875
APG,50,108,88.04262043
APG,50,109,87.91118189
APG,50,110,87.78684184
APG,50,111,87.65988427
APG,50,112,87.54056734
APG,50,113,87.41789627
APG,50,114,87.30329098
APG,50,115,87.1850473
APG,50,116,87.07490924
APG,50,117,86.9606991
APG,50,118,86.8549353
APG,50,119,86.74442786
APG,50,120,86.64279597
APG,50,121,86.53594945
APG,50,122,86.43826514
APG,50,123,86.3348342
APG,50,124,86.24101473
APG,50,125,86.14095784
APG,50,126,86.05081854
APG,50,127,85.95387359
APG,50,128,85.86715997
APG,50,129,85.77312369
APG,50,130,85.68964738
APG,50,131,85.59831663
APG,50,132,85.51805351
APG,50,133,85.42933077
APG,50,134,85.35211185
APG,50,135,85.2658835
APG,50,136,85.19163923
APG,50,137,85.10781207
APG,50,138,85.03641194
APG,50,139,84.95482696
APG,50,140,84.88604682
APG,50,141,84.80654017
APG,50,142,84.74040421
APG,50,143,84.66301367
APG,50,144,84.59931417
APG,50,145,84.5239119
APG,50,146,84.46237395
APG,50,147,84.38890958
APG,50,148,84.32937205
APG,50,149,84.25790906
APG,50,150,84.20034032
APG,50,151,84.13081992
APG,50,152,84.07510729
APG,50,153,84.00743418
APG,50,154,83.95350419
APG,50,155,83.88762337
APG,50,156,83.83538172
APG,50,157,83.77114309
APG,50,158,83.72053995
APG,50,159,83.65789411
APG,50,160,83.60882164
APG,50,161,83.54769159
APG,50,162,83.50012794
APG,50,163,83.44057586
APG,50,164,83.3944501
APG,50,165,83.33636165
APG,50,166,83.29161712
APG,50,167,83.23496994
APG,50,168,83.19161837
APG,50,169,83.13634055
APG,50,170,83.09427984
APG,50,171,83.04026304
APG,50,172,82.99948162
APG,50,173,82.94672886
APG,50,174,82.90719304
APG,50,175,82.8556459
APG,50,176,82.81729074
APG,50,177,82.76685474
APG,50,178,82.72961409
APG,50,179,82.68027344
APG,50,180,82.64411793
APG,50,181,82.59586371
APG,50,182,82.56076339
APG,50,183,82.51356884
APG,50,184,82.47950903
APG,50,185,82.43328868
APG,50,186,82.40015868
APG,50,187,82.35491559
APG,50,188,82.32269506
APG,50,189,82.27839295
APG,50,190,82.24705535
APG,50,191,82.20366076
APG,50,192,82.1731611
APG,50,193,82.13067485
APG,50,194,82.10090762
APG,50,195,82.05939576
APG,50,196,82.03036588
APG,50,197,81.98974868
APG,50,198,81.96146238
APG,50,199,81.92166226
APG,50,200,81.8941137
APG,50,201,81.85508722
APG,50,202,81.82825231
APG,50,203,81.78999522
APG,50,204,81.76385798
APG,50,205,81.72632789
APG,50,206,81.70089765
APG,50,207,81.66404001
APG,50,208,81.63927276
APG,50,209,81.60306426
APG,50,210,81.57893055
APG,50,211,81.5433619
APG,50,212,81.51983897
APG,50,213,81.48486784
APG,50,214,81.46194517
APG,50,215,81.4275816
APG,50,216,81.4052758
APG,50,217,81.37148863
APG,50,218,81.34977961
APG,50,219,81.31654575
APG,50,220,81.29540144
APG,50,221,81.26272888
APG,50,222,81.2421254
APG,50,223,81.21003124
APG,50,224,81.18993752
APG,50,225,81.15836622
APG,50,226,81.1387821
APG,50,227,81.10772285
APG,50,228,81.08862854
APG,50,229,81.05807235
APG,50,230,81.0394604
APG,50,231,81.00939448
APG,50,232,80.99122823
APG,50,233,80.9616475
APG,50,234,80.94391547
APG,50,235,80.91477133
APG,50,236,80.89747942
APG,50,237,80.8687567
APG,50,238,80.85190026
APG,50,239,80.82359422
APG,50,240,80.80714054
APG,50,241,80.77924136
APG,50,242,80.76316503
APG,50,243,80.73566285
APG,50,244,80.71996005
APG,50,245,80.69280413
APG,50,246,80.67747225
APG,50,247,80.65068969
APG,50,248,80.63573993
APG,50,249,80.60932813
APG,50,250,80.59471487
APG,50,251,80.56864997
APG,50,252,80.55436785
APG,50,253,80.52863763
APG,50,254,80.51471163
APG,50,255,80.48931628
APG,50,256,80.47573261
APG,50,257,80.45064524
APG,50,258,80.43735543
APG,50,259,80.41258723
APG,50,260,80.39960351
APG,50,261,80.37512896
APG,50,262,80.36242777
APG,50,263,80.33824163
APG,50,264,80.32583831
APG,50,265,80.30195391
APG,50,266,80.28982259
APG,50,267,80.26622365
APG,50,268,80.25435513
APG,50,269,80.23102939
APG,50,270,80.2194143
APG,50,271,80.19635376
APG,50,272,80.18498715
APG,50,273,80.1621673
APG,50,274,80.15104698
APG,50,275,80.12848792
APG,50,276,80.1175987
APG,50,277,80.09528908
APG,50,278,80.08461523
APG,50,279,80.06256643
APG,50,280,80.05210272
APG,50,281,80.03031351
APG,50,282,80.02005106
APG,50,283,79.99850477
APG,50,284,79.9884347
APG,50,285,79.96712564
APG,50,286,79.95725512
APG,50,287,79.93619292
APG,50,288,79.92654506
APG,50,289,79.90570695
APG,50,290,79.8962397
APG,50,291,79.8756153
APG,50,292,79.86632315
APG,50,293,79.84593346
APG,50,294,79.83681769
APG,50,295,79.8166473
APG,50,296,79.80770235
APG,50,297,79.78773341
APG,50,298,79.7789719
APG,50,299,79.75920771
APG,50,300,79.75061882
HALS_RRI,75,1,151.3185385
HALS_RRI,75,2,106.4049958
HALS_RRI,75,3,94.76809636
HALS_RRI,75,4,88.90765938
HALS_RRI,75,5,85.3882421
HALS_RRI,75,6,83.0027124
HALS_RRI,75,7,81.23066032
HALS_RRI,75,8,79.84344306
HALS_RRI,75,9,78.72279342
HALS_RRI,75,10,77.78671142
HALS_RRI,75,11,76.98736689
HALS_RRI,75,12,76.29663548
HALS_RRI,75,13,75.6912122
HALS_RRI,75,14,75.1539549
HALS_RRI,75,15,74.67220359
HALS_RRI,75,16,74.23669547
HALS_RRI,75,17,73.84240654
HALS_RRI,75,18,73.48377344
HALS_RRI,75,19,73.15513578
HALS_RRI,75,20,72.85255675
HALS_RRI,75,21,72.57308105
HALS_RRI,75,22,72.31391535
HALS_RRI,75,23,72.07316324
HALS_RRI,75,24,71.8484874
HALS_RRI,75,25,71.63811863
HALS_RRI,75,26,71.4407508
HALS_RRI,75,27,71.25559155
HALS_RRI,75,28,71.08130637
HALS_RRI,75,29,70.91664013
HALS_RRI,75,30,70.76049303
HALS_RRI,75,31,70.61190701
HALS_RRI,75,32,70.47009139
HALS_RRI,75,33,70.33441115
HALS_RRI,75,34,70.20441562
HALS_RRI,75,35,70.07970831
HALS_RRI,75,36,69.95976203
HALS_RRI,75,37,69.84449443
HALS_RRI,75,38,69.73360165
HALS_RRI,75,39,69.62685497
HALS_RRI,75,40,69.52400874
HALS_RRI,75,41,69.42481734
HALS_RRI,75,42,69.32900523
HALS_RRI,75,43,69.23647362
HALS_RRI,75,44,69.14711501
HALS_RRI,75,45,69.06072181
HALS_RRI,75,46,68.97722572
HALS_RRI,75,47,68.89653611
HALS_RRI,75,48,68.81852409
HALS_RRI,75,49,68.7431214
HALS_RRI,75,50,68.67014
HALS_RRI,75,51,68.59943464
HALS_RRI,75,52,68.53094717
HALS_RRI,75,53,68.46466155
HALS_RRI,75,54,68.40043828
HALS_RRI,75,55,68.3381298
HALS_RRI,75,56,68.2776932
HALS_RRI,75,57,68.21906704
HALS_RRI,75,58,68.16215981
HALS_RRI,75,59,68.10688097
HALS_RRI,75,60,68.05310448
HALS_RRI,75,61,68.00075243
HALS_RRI,75,62,67.94973588
HALS_RRI,75,63,67.89994434
HALS_RRI,75,64,67.85134685
HALS_RRI,75,65,67.80386312
HALS_RRI,75,66,67.75741723
HALS_RRI,75,67,67.71192989
HALS_RRI,75,68,67.66733945
HALS_RRI,75,69,67.62355045
HALS_RRI,75,70,67.58055583
HALS_RRI,75,71,67.5383296
HALS_RRI,75,72,67.49687181
HALS_RRI,75,73,67.45615511
HALS_RRI,75,74,67.41607479
HALS_RRI,75,75,67.37668281
HALS_RRI,75,76,67.33804576
HALS_RRI,75,77,67.30012009
HALS_RRI,75,78,67.26288942
HALS_RRI,75,79,67.22629972
HALS_RRI,75,80,67.19036421
HALS_RRI,75,81,67.15504938
HALS_RRI,75,82,67.12035906
HALS_RRI,75,83,67.08631965
HALS_RRI,75,84,67.05295538
HALS_RRI,75,85,67.02023292
HALS_RRI,75,86,66.98813863
HALS_RRI,75,87,66.95663786
HALS_RRI,75,88,66.92572049
HALS_RRI,75,89,66.89539327
HALS_RRI,75,90,66.86561659
HALS_RRI,75,91,66.83637042
HALS_RRI,75,92,66.8076592
HALS_RRI,75,93,66.7794624
HALS_RRI,75,94,66.75177881
HALS_RRI,75,95,66.7246029
HALS_RRI,75,96,66.69791787
HALS_RRI,75,97,66.67170823
HALS_RRI,75,98,66.64597544
HALS_RRI,75,99,66.62072102
HALS_RRI,75,100,66.59593816
HALS_RRI,75,101,66.57159554
HALS_RRI,75,102,66.54765306
HALS_RRI,75,103,66.52408199
HALS_RRI,75,104,66.50086375
HALS_RRI,75,105,66.47798353
HALS_RRI,75,106,66.45545378
HALS_RRI,75,107,66.43326092
HALS_RRI,75,108,66.41140352
HALS_RRI,75,109,66.3898689
HALS_RRI,75,110,66.36866185
HALS_RRI,75,111,66.34777227
HALS_RRI,75,112,66.32717754
HALS_RRI,75,113,66.30688595
HALS_RRI,75,114,66.28689082
HALS_RRI,75,115,66.26717185
HALS_RRI,75,116,66.24774806
HALS_RRI,75,117,66.2286141
HALS_RRI,75,118,66.20975512
HALS_RRI,75,119,66.19117723
HALS_RRI,75,120,66.17286658
HALS_RRI,75,121,66.1548039
HALS_RRI,75,122,66.13700021
HALS_RRI,75,123,66.11945631
HALS_RRI,75,124,66.10216838
HALS_RRI,75,125,66.08513095
HALS_RRI,75,126,66.06833879
HALS_RRI,75,127,66.0517869
HALS_RRI,75,128,66.0354636
HALS_RRI,75,129,66.01937965
HALS_RRI,75,130,66.00354115
HALS_RRI,75,131,65.98795478
HALS_RRI,75,132,65.97259859
HALS_RRI,75,133,65.9574593
HALS_RRI,75,134,65.94254869
HALS_RRI,75,135,65.92784228
HALS_RRI,75,136,65.91332995
HALS_RRI,75,137,65.89899663
HALS_RRI,75,138,65.88483792
HALS_RRI,75,139,65.87085265
HALS_RRI,75,140,65.85704456
HALS_RRI,75,141,65.8434123
HALS_RRI,75,142,65.82995548
HALS_RRI,75,143,65.8166706
HALS_RRI,75,144,65.80357052
HALS_RRI,75,145,65.79064791
HALS_RRI,75,146,65.77788955
HALS_RRI,75,147,65.76528016
HALS_RRI,75,148,65.75280793
HALS_RRI,75,149,65.74046777
HALS_RRI,75,150,65.72827411
HALS_RRI,75,151,65.71621797
HALS_RRI,75,152,65.70428626
HALS_RRI,75,153,65.69247102
HALS_RRI,75,154,65.68078273
HALS_RRI,75,155,65.6692248
HALS_RRI,75,156,65.65778466
HALS_RRI,75,157,65.64645815
HALS_RRI,75,158,65.63523995
HALS_RRI,75,159,65.62412211
HALS_RRI,75,160,65.61310608
HALS_RRI,75,161,65.60219774
HALS_RRI,75,162,65.59140298
HALS_RRI,75,163,65.5807275
HALS_RRI,75,164,65.57015169
HALS_RRI,75,165,65.55967453
HALS_RRI,75,166,65.54928322
HALS_RRI,75,167,65.53897164
HALS_RRI,75,168,65.52874037
HALS_RRI,75,169,65.51858805
HALS_RRI,75,170,65.50850611
HALS_RRI,75,171,65.4984932
HALS_RRI,75,172,65.48855451
HALS_RRI,75,173,65.47868904
HALS_RRI,75,174,65.46889186
HALS_RRI,75,175,65.45915669
HALS_RRI,75,176,65.44947697
HALS_RRI,75,177,65.43985707
HALS_RRI,75,178,65.43030071
HALS_RRI,75,179,65.42080852
HALS_RRI,75,180,65.41137412
HALS_RRI,75,181,65.40199663
HALS_RRI,75,182,65.39267373
HALS_RRI,75,183,65.38340688
HALS_RRI,75,184,65.37418954
HALS_RRI,75,185,65.3650256
HALS_RRI,75,186,65.35592378
HALS_RRI,75,187,65.34688464
HALS_RRI,75,188,65.33790373
HALS_RRI,75,189,65.32897565
HALS_RRI,75,190,65.32010002
HALS_RRI,75,191,65.31127714
HALS_RRI,75,192,65.3025026
HALS_RRI,75,193,65.29377663
HALS_RRI,75,194,65.28510305
HALS_RRI,75,195,65.27647926
HALS_RRI,75,196,65.26790228
HALS_RRI,75,197,65.25937519
HALS_RRI,75,198,65.25090854
HALS_RRI,75,199,65.24249667
HALS_RRI,75,200,65.23414411
HALS_RRI,75,201,65.22585356
HALS_RRI,75,202,65.21762457
HALS_RRI,75,203,65.20946343
HALS_RRI,75,204,65.20137367
HALS_RRI,75,205,65.1933544
HALS_RRI,75,206,65.18540504
HALS_RRI,75,207,65.17752658
HALS_RRI,75,208,65.16971893
HALS_RRI,75,209,65.16198
HALS_RRI,75,210,65.15431585
HALS_RRI,75,211,65.14672947
HALS_RRI,75,212,65.13922111
HALS_RRI,75,213,65.1317878
HALS_RRI,75,214,65.12444144
HALS_RRI,75,215,65.11717705
HALS_RRI,75,216,65.10998873
HALS_RRI,75,217,65.10287388
HALS_RRI,75,218,65.09583361
HALS_RRI,75,219,65.08886778
HALS_RRI,75,220,65.08197584
HALS_RRI,75,221,65.07515258
HALS_RRI,75,222,65.06839526
HALS_RRI,75,223,65.06170372
HALS_RRI,75,224,65.05507754
HALS_RRI,75,225,65.04851433
HALS_RRI,75,226,65.04201302
HALS_RRI,75,227,65.03557517
HALS_RRI,75,228,65.02920626
HALS_RRI,75,229,65.02290423
HALS_RRI,75,230,65.01667074
HALS_RRI,75,231,65.010507
HALS_RRI,75,232,65.00440819
HALS_RRI,75,233,64.99837035
HALS_RRI,75,234,64.99239204
HALS_RRI,75,235,64.98647396
HALS_RRI,75,236,64.98061894
HALS_RRI,75,237,64.9748274
HALS_RRI,75,238,64.96910044
HALS_RRI,75,239,64.96343845
HALS_RRI,75,240,64.9578365
HALS_RRI,75,241,64.95229296
HALS_RRI,75,242,64.94680627
HALS_RRI,75,243,64.94137472
HALS_RRI,75,244,64.93599518
HALS_RRI,75,245,64.93066812
HALS_RRI,75,246,64.92539163
HALS_RRI,75,247,64.92016344
HALS_RRI,75,248,64.91498281
HALS_RRI,75,249,64.90984668
HALS_RRI,75,250,64.90475117
HALS_RRI,75,251,64.8996972
HALS_RRI,75,252,64.89468155
HALS_RRI,75,253,64.88970213
HALS_RRI,75,254,64.88475719
HALS_RRI,75,255,64.87984688
HALS_RRI,75,256,64.87497403
HALS_RRI,75,257,64.87013909
HALS_RRI,75,258,64.86533895
HALS_RRI,75,259,64.86057264
HALS_RRI,75,260,64.85583782
HALS_RRI,75,261,64.85113273
HALS_RRI,75,262,64.84646007
HALS_RRI,75,263,64.84182133
HALS_RRI,75,264,64.8372152
HALS_RRI,75,265,64.83264036
HALS_RRI,75,266,64.82809595
HALS_RRI,75,267,64.82358152
HALS_RRI,75,268,64.81909671
HALS_RRI,75,269,64.81464123
HALS_RRI,75,270,64.81021295
HALS_RRI,75,271,64.80580943
HALS_RRI,75,272,64.8014314
HALS_RRI,75,273,64.7970813
HALS_RRI,75,274,64.79276062
HALS_RRI,75,275,64.7884691
HALS_RRI,75,276,64.78420513
HALS_RRI,75,277,64.7799667
HALS_RRI,75,278,64.77575368
HALS_RRI,75,279,64.77156813
HALS_RRI,75,280,64.76740872
HALS_RRI,75,281,64.76327552
HALS_RRI,75,282,64.75916669
HALS_RRI,75,283,64.75508527
HALS_RRI,75,284,64.75102984
HALS_RRI,75,285,64.74700138
HALS_RRI,75,286,64.74300113
HALS_RRI,75,287,64.73903033
HALS_RRI,75,288,64.73508631
HALS_RRI,75,289,64.73116846
HALS_RRI,75,290,64.72727746
HALS_RRI,75,291,64.72341449
HALS_RRI,75,292,64.71958209
HALS_RRI,75,293,64.71577968
HALS_RRI,75,294,64.71200519
HALS_RRI,75,295,64.70825761
HALS_RRI,75,296,64.7045361
HALS_RRI,75,297,64.70084402
HALS_RRI,75,298,64.69718053
HALS_RRI,75,299,64.69354196
HALS_RRI,75,300,64.68992776
Lee-Seung,75,1,163.2701447
Lee-Seung,75,2,163.1065528
Lee-Seung,75,3,162.9516215
Lee-Seung,75,4,162.7943933
Lee-Seung,75,5,162.6326991
Lee-Seung,75,6,162.464221
Lee-Seung,75,7,162.2864271
Lee-Seung,75,8,162.0965049
Lee-Seung,75,9,161.8912927
Lee-Seung,75,10,161.6672092
Lee-Seung,75,11,161.4201844
Lee-Seung,75,12,161.1455952
Lee-Seung,75,13,160.8382128
Lee-Seung,75,14,160.492172
Lee-Seung,75,15,160.1009773
Lee-Seung,75,16,159.657564
Lee-Seung,75,17,159.1544391
Lee-Seung,75,18,158.5839278
Lee-Seung,75,19,157.9385518
Lee-Seung,75,20,157.2115562
Lee-Seung,75,21,156.3975821
Lee-Seung,75,22,155.4934481
Lee-Seung,75,23,154.4989557
Lee-Seung,75,24,153.4175798
Lee-Seung,75,25,152.2568641
Lee-Seung,75,26,151.0283388
Lee-Seung,75,27,149.7468433
Lee-Seung,75,28,148.4292644
Lee-Seung,75,29,147.0928785
Lee-Seung,75,30,145.7536232
Lee-Seung,75,31,144.4246736
Lee-Seung,75,32,143.1156072
Lee-Seung,75,33,141.8322631
Lee-Seung,75,34,140.5772059
Lee-Seung,75,35,139.3505707
Lee-Seung,75,36,138.1510341
Lee-Seung,75,37,136.9766968
Lee-Seung,75,38,135.8257512
Lee-Seung,75,39,134.6968869
Lee-Seung,75,40,133.5894559
Lee-Seung,75,41,132.5034524
Lee-Seung,75,42,131.4393769
Lee-Seung,75,43,130.398047
Lee-Seung,75,44,129.3804027
Lee-Seung,75,45,128.3873377
Lee-Seung,75,46,127.419571
Lee-Seung,75,47,126.4775657
Lee-Seung,75,48,125.5614891
Lee-Seung,75,49,124.6712106
Lee-Seung,75,50,123.8063241
Lee-Seung,75,51,122.9661881
Lee-Seung,75,52,122.149973
Lee-Seung,75,53,121.3567101
Lee-Seung,75,54,120.5853393
Lee-Seung,75,55,119.834751
Lee-Seung,75,56,119.1038241
Lee-Seung,75,57,118.3914569
Lee-Seung,75,58,117.696593
Lee-Seung,75,59,117.0182404
Lee-Seung,75,60,116.3554859
Lee-Seung,75,61,115.7075032
Lee-Seung,75,62,115.0735565
Lee-Seung,75,63,114.4529991
Lee-Seung,75,64,113.8452683
Lee-Seung,75,65,113.2498774
Lee-Seung,75,66,112.6664051
Lee-Seung,75,67,112.0944838
Lee-Seung,75,68,111.5337881
Lee-Seung,75,69,110.984023
Lee-Seung,75,70,110.4449145
Lee-Seung,75,71,109.9162011
Lee-Seung,75,72,109.3976279
Lee-Seung,75,73,108.8889425
Lee-Seung,75,74,108.3898928
Lee-Seung,75,75,107.9002266
Lee-Seung,75,76,107.4196923
Lee-Seung,75,77,106.94804
Lee-Seung,75,78,106.4850234
Lee-Seung,75,79,106.030402
Lee-Seung,75,80,105.5839425
Lee-Seung,75,81,105.1454206
Lee-Seung,75,82,104.7146219
Lee-Seung,75,83,104.2913427
Lee-Seung,75,84,103.8753902
Lee-Seung,75,85,103.4665829
Lee-Seung,75,86,103.0647494
Lee-Seung,75,87,102.6697288
Lee-Seung,75,88,102.2813687
Lee-Seung,75,89,101.8995253
Lee-Seung,75,90,101.524062
Lee-Seung,75,91,101.1548483
Lee-Seung,75,92,100.7917589
Lee-Seung,75,93,100.4346733
Lee-Seung,75,94,100.0834745
Lee-Seung,75,95,99.73804879
Lee-Seung,75,96,99.39828507
Lee-Seung,75,97,99.06407468
Lee-Seung,75,98,98.73531107
Lee-Seung,75,99,98.41188964
Lee-Seung,75,100,98.09370766
Lee-Seung,75,101,97.78066422
Lee-Seung,75,102,97.47266016
Lee-Seung,75,103,97.1695981
Lee-Seung,75,104,96.87138233
Lee-Seung,75,105,96.57791886
Lee-Seung,75,106,96.28911536
Lee-Seung,75,107,96.00488107
Lee-Seung,75,108,95.7251268
Lee-Seung,75,109,95.44976482
Lee-Seung,75,110,95.17870886
Lee-Seung,75,111,94.911874
Lee-Seung,75,112,94.64917661
Lee-Seung,75,113,94.39053434
Lee-Seung,75,114,94.13586606
Lee-Seung,75,115,93.88509183
Lee-Seung,75,116,93.63813288
Lee-Seung,75,117,93.39491158
Lee-Seung,75,118,93.1553515
Lee-Seung,75,119,92.91937736
Lee-Seung,75,120,92.6869151
Lee-Seung,75,121,92.45789189
Lee-Seung,75,122,92.23223613
Lee-Seung,75,123,92.00987755
Lee-Seung,75,124,91.7907472
Lee-Seung,75,125,91.5747775
Lee-Seung,75,126,91.36190229
Lee-Seung,75,127,91.15205682
Lee-Seung,75,128,90.94517782
Lee-Seung,75,129,90.7412035
Lee-Seung,75,130,90.54007354
Lee-Seung,75,131,90.34172916
Lee-Seung,75,132,90.14611305
Lee-Seung,75,133,89.95316943
Lee-Seung,75,134,89.762844
Lee-Seung,75,135,89.57508392
Lee-Seung,75,136,89.38983784
Lee-Seung,75,137,89.20705582
Lee-Seung,75,138,89.02668933
Lee-Seung,75,139,88.84869122
Lee-Seung,75,140,88.67301567
Lee-Seung,75,141,88.49961817
Lee-Seung,75,142,88.32845547
Lee-Seung,75,143,88.15948552
Lee-Seung,75,144,87.99266745
Lee-Seung,75,145,87.82796153
Lee-Seung,75,146,87.66532908
Lee-Seung,75,147,87.50473245
Lee-Seung,75,148,87.34613499
Lee-Seung,75,149,87.18950096
Lee-Seung,75,150,87.0347955
Lee-Seung,75,151,86.88198459
Lee-Seung,75,152,86.73103501
Lee-Seung,75,153,86.58191429
Lee-Seung,75,154,86.43459066
Lee-Seung,75,155,86.28903306
Lee-Seung,75,156,86.14521107
Lee-Seung,75,157,86.00309489
Lee-Seung,75,158,85.86265536
Lee-Seung,75,159,85.72386387
Lee-Seung,75,160,85.58669243
Lee-Seung,75,161,85.45111358
Lee-Seung,75,162,85.31710045
Lee-Seung,75,163,85.1846267
Lee-Seung,75,164,85.05366655
Lee-Seung,75,165,84.92419476
Lee-Seung,75,166,84.79618663
Lee-Seung,75,167,84.66961798
Lee-Seung,75,168,84.5444652
Lee-Seung,75,169,84.42070517
Lee-Seung,75,170,84.29831531
Lee-Seung,75,171,84.17727355
Lee-Seung,75,172,84.05755835
Lee-Seung,75,173,83.93914864
Lee-Seung,75,174,83.82202385
Lee-Seung,75,175,83.70616392
Lee-Seung,75,176,83.59154923
Lee-Seung,75,177,83.47816062
Lee-Seung,75,178,83.3659794
Lee-Seung,75,179,83.2549873
Lee-Seung,75,180,83.14516648
Lee-Seung,75,181,83.03649949
Lee-Seung,75,182,82.92896931
Lee-Seung,75,183,82.82255928
Lee-Seung,75,184,82.7172531
Lee-Seung,75,185,82.61303485
Lee-Seung,75,186,82.50988895
Lee-Seung,75,187,82.40780014
Lee-Seung,75,188,82.30675348
Lee-Seung,75,189,82.20673436
Lee-Seung,75,190,82.10772844
Lee-Seung,75,191,82.00972168
Lee-Seung,75,192,81.91270033
Lee-Seung,75,193,81.81665088
Lee-Seung,75,194,81.72156009
Lee-Seung,75,195,81.62741499
Lee-Seung,75,196,81.53420282
Lee-Seung,75,197,81.44191107
Lee-Seung,75,198,81.35052747
Lee-Seung,75,199,81.26003995
Lee-Seung,75,200,81.17043667
Lee-Seung,75,201,81.081706
Lee-Seung,75,202,80.99383651
Lee-Seung,75,203,80.90681696
Lee-Seung,75,204,80.82063633
Lee-Seung,75,205,80.73528376
Lee-Seung,75,206,80.65074861
Lee-Seung,75,207,80.56702041
Lee-Seung,75,208,80.48408885
Lee-Seung,75,209,80.40194382
Lee-Seung,75,210,80.32057537
Lee-Seung,75,211,80.23997373
Lee-Seung,75,212,80.16012928
Lee-Seung,75,213,80.08103258
Lee-Seung,75,214,80.00267434
Lee-Seung,75,215,79.92504543
Lee-Seung,75,216,79.84813687
Lee-Seung,75,217,79.77193982
Lee-Seung,75,218,79.69644562
Lee-Seung,75,219,79.62164573
Lee-Seung,75,220,79.54753174
Lee-Seung,75,221,79.47409542
Lee-Seung,75,222,79.40132863
Lee-Seung,75,223,79.32922339
Lee-Seung,75,224,79.25777184
Lee-Seung,75,225,79.18696625
Lee-Seung,75,226,79.11679902
Lee-Seung,75,227,79.04726266
Lee-Seung,75,228,78.97834979
Lee-Seung,75,229,78.91005317
Lee-Seung,75,230,78.84236566
Lee-Seung,75,231,78.77528021
Lee-Seung,75,232,78.70878991
Lee-Seung,75,233,78.64288794
Lee-Seung,75,234,78.57756757
Lee-Seung,75,235,78.51282218
Lee-Seung,75,236,78.44864525
Lee-Seung,75,237,78.38503035
Lee-Seung,75,238,78.32197114
Lee-Seung,75,239,78.25946136
Lee-Seung,75,240,78.19749486
Lee-Seung,75,241,78.13606556
Lee-Seung,75,242,78.07516746
Lee-Seung,75,243,78.01479466
Lee-Seung,75,244,77.95494131
Lee-Seung,75,245,77.89560166
Lee-Seung,75,246,77.83677003
Lee-Seung,75,247,77.77844081
Lee-Seung,75,248,77.72060848
Lee-Seung,75,249,77.66326756
Lee-Seung,75,250,77.60641266
Lee-Seung,75,251,77.55003847
Lee-Seung,75,252,77.49413971
Lee-Seung,75,253,77.43871119
Lee-Seung,75,254,77.3837478
Lee-Seung,75,255,77.32924445
Lee-Seung,75,256,77.27519615
Lee-Seung,75,257,77.22159796
Lee-Seung,75,258,77.16844498
Lee-Seung,75,259,77.1157324
Lee-Seung,75,260,77.06345544
Lee-Seung,75,261,77.0116094
Lee-Seung,75,262,76.96018962
Lee-Seung,75,263,76.9091915
Lee-Seung,75,264,76.8586105
Lee-Seung,75,265,76.80844213
Lee-Seung,75,266,76.75868194
Lee-Seung,75,267,76.70932555
Lee-Seung,75,268,76.66036863
Lee-Seung,75,269,76.61180689
Lee-Seung,75,270,76.5636361
Lee-Seung,75,271,76.51585207
Lee-Seung,75,272,76.46845066
Lee-Seung,75,273,76.4214278
Lee-Seung,75,274,76.37477943
Lee-Seung,75,275,76.32850158
Lee-Seung,75,276,76.28259028
Lee-Seung,75,277,76.23704165
Lee-Seung,75,278,76.19185183
Lee-Seung,75,279,76.14701701
Lee-Seung,75,280,76.10253343
Lee-Seung,75,281,76.05839737
Lee-Seung,75,282,76.01460515
Lee-Seung,75,283,75.97115315
Lee-Seung,75,284,75.92803777
Lee-Seung,75,285,75.88525548
Lee-Seung,75,286,75.84280277
Lee-Seung,75,287,75.80067617
Lee-Seung,75,288,75.75887228
Lee-Seung,75,289,75.71738771
Lee-Seung,75,290,75.67621912
Lee-Seung,75,291,75.63536322
Lee-Seung,75,292,75.59481676
Lee-Seung,75,293,75.55457651
Lee-Seung,75,294,75.5146393
Lee-Seung,75,295,75.47500199
Lee-Seung,75,296,75.43566149
Lee-Seung,75,297,75.39661472
Lee-Seung,75,298,75.35785867
Lee-Seung,75,299,75.31939035
Lee-Seung,75,300,75.28120682
APG,75,1,163.1327275
APG,75,2,162.7965004
APG,75,3,162.4502845
APG,75,4,162.0781538
APG,75,5,161.5723794
APG,75,6,160.9943821
APG,75,7,159.9279699
APG,75,8,158.6769767
APG,75,9,156.0177564
APG,75,10,153.04146
APG,75,11,148.8522177
APG,75,12,144.8572058
APG,75,13,141.1181296
APG,75,14,138.0651605
APG,75,15,135.2207346
APG,75,16,132.6632965
APG,75,17,130.3954237
APG,75,18,128.2385488
APG,75,19,126.360879
APG,75,20,124.6081464
APG,75,21,123.0782273
APG,75,22,121.6414332
APG,75,23,120.3649836
APG,75,24,119.1445979
APG,75,25,118.0339239
APG,75,26,116.9510073
APG,75,27,115.9443957
APG,75,28,114.9529762
APG,75,29,114.0164661
APG,75,30,113.092704
APG,75,31,112.2111109
APG,75,32,111.3445941
APG,75,33,110.5125313
APG,75,34,109.6970998
APG,75,35,108.9110616
APG,75,36,108.1428825
APG,75,37,107.4013461
APG,75,38,106.678283
APG,75,39,105.9789723
APG,75,40,105.2983513
APG,75,41,104.6388244
APG,75,42,103.9979234
APG,75,43,103.3747791
APG,75,44,102.7710464
APG,75,45,102.1821569
APG,75,46,101.6112407
APG,75,47,101.0531946
APG,75,48,100.5128709
APG,75,49,99.98377025
APG,75,50,99.47087985
APG,75,51,98.96850927
APG,75,52,98.48119845
APG,75,53,98.00340738
APG,75,54,97.53872493
APG,75,55,97.08343411
APG,75,56,96.6410052
APG,75,57,96.20828999
APG,75,58,95.78631562
APG,75,59,95.37395224
APG,75,60,94.97158355
APG,75,61,94.57854042
APG,75,62,94.19386026
APG,75,63,93.81847066
APG,75,64,93.45046491
APG,75,65,93.09149086
APG,75,66,92.73909516
APG,75,67,92.39590774
APG,75,68,92.05867043
APG,75,69,91.73041909
APG,75,70,91.40749662
APG,75,71,91.09341537
APG,75,72,90.78439648
APG,75,73,90.48366651
APG,75,74,90.18703415
APG,75,75,89.89882005
APG,75,76,89.61396222
APG,75,77,89.33745526
APG,75,78,89.06368418
APG,75,79,88.79827905
APG,75,80,88.53503101
APG,75,81,88.28010547
APG,75,82,88.02681901
APG,75,83,87.78183442
APG,75,84,87.5381658
APG,75,85,87.3025186
APG,75,86,87.06763162
APG,75,87,86.84093393
APG,75,88,86.61486861
APG,75,89,86.39670033
APG,75,90,86.17903178
APG,75,91,85.96919266
APG,75,92,85.75932877
APG,75,93,85.55685917
APG,75,94,85.35416158
APG,75,95,85.15878117
APG,75,96,84.963013
APG,75,97,84.77443915
APG,75,98,84.58532465
APG,75,99,84.40289537
APG,75,100,84.22039758
APG,75,101,84.04406
APG,75,102,83.86784703
APG,75,103,83.69747172
APG,75,104,83.52723171
APG,75,105,83.36262716
APG,75,106,83.19813383
APG,75,107,83.03921412
APG,75,108,82.88025015
APG,75,109,82.72680589
APG,75,110,82.57329321
APG,75,111,82.42522383
APG,75,112,82.27673141
APG,75,113,82.13346279
APG,75,114,81.9895784
APG,75,115,81.85081626
APG,75,116,81.71146797
APG,75,117,81.57707493
APG,75,118,81.44197617
APG,75,119,81.31183552
APG,75,120,81.18078667
APG,75,121,81.05471214
APG,75,122,80.92762709
APG,75,123,80.80549049
APG,75,124,80.68215735
APG,75,125,80.56368929
APG,75,126,80.44411341
APG,75,127,80.32937795
APG,75,128,80.21331561
APG,75,129,80.10209773
APG,75,130,79.98948269
APG,75,131,79.88164323
APG,75,132,79.77238329
APG,75,133,79.66792519
APG,75,134,79.56190407
APG,75,135,79.46063709
APG,75,136,79.3577824
APG,75,137,79.25964615
APG,75,138,79.15976615
APG,75,139,79.0645557
APG,75,140,78.96751812
APG,75,141,78.8751303
APG,75,142,78.78078853
APG,75,143,78.69110439
APG,75,144,78.59944091
APG,75,145,78.51234791
APG,75,146,78.42324415
APG,75,147,78.3386164
APG,75,148,78.25204984
APG,75,149,78.16988522
APG,75,150,78.08577191
APG,75,151,78.00594579
APG,75,152,77.9241619
APG,75,153,77.84665434
APG,75,154,77.76718741
APG,75,155,77.69190966
APG,75,156,77.61462016
APG,75,157,77.54148301
APG,75,158,77.46630576
APG,75,159,77.39520718
APG,75,160,77.32207202
APG,75,161,77.25295899
APG,75,162,77.18176844
APG,75,163,77.11455611
APG,75,164,77.04528053
APG,75,165,76.97992156
APG,75,166,76.9125505
APG,75,167,76.84894744
APG,75,168,76.78342256
APG,75,169,76.72144106
APG,75,170,76.65769551
APG,75,171,76.59726346
APG,75,172,76.53522439
APG,75,173,76.4763378
APG,75,174,76.41595438
APG,75,175,76.35858802
APG,75,176,76.29977901
APG,75,177,76.2437129
APG,75,178,76.1865875
APG,75,179,76.13188085
APG,75,180,76.07625188
APG,75,181,76.02285496
APG,75,182,75.96867051
APG,75,183,75.91656557
APG,75,184,75.86376799
APG,75,185,75.81292011
APG,75,186,75.76144719
APG,75,187,75.71179024
APG,75,188,75.66163406
APG,75,189,75.61311409
APG,75,190,75.56415892
APG,75,191,75.51674599
APG,75,192,75.468981
APG,75,193,75.42261278
APG,75,194,75.37598669
APG,75,195,75.33067354
APG,75,196,75.285138
APG,75,197,75.24084199
APG,75,198,75.19635624
APG,75,199,75.15298585
APG,75,200,75.10960721
APG,75,201,75.06709472
APG,75,202,75.02477674
APG,75,203,74.98305926
APG,75,204,74.9418046
APG,75,205,74.90090375
APG,75,206,74.8606554
APG,75,207,74.82061046
APG,75,208,74.7813313
APG,75,209,74.74209523
APG,75,210,74.70375011
APG,75,211,74.66528974
APG,75,212,74.62781577
APG,75,213,74.5901086
APG,75,214,74.55352522
APG,75,215,74.51656022
APG,75,216,74.48081171
APG,75,217,74.44455049
APG,75,218,74.40960937
APG,75,219,74.37402466
APG,75,220,74.33988604
APG,75,221,74.30494182
APG,75,222,74.27159403
APG,75,223,74.23728936
APG,75,224,74.20469939
APG,75,225,74.17098808
APG,75,226,74.13914927
APG,75,227,74.10600476
APG,75,228,74.07486066
APG,75,229,74.0422792
APG,75,230,74.01183234
APG,75,231,73.97978523
APG,75,232,73.95000881
APG,75,233,73.91849379
APG,75,234,73.88938477
APG,75,235,73.85837231
APG,75,236,73.82990057
APG,75,237,73.79936228
APG,75,238,73.77150528
APG,75,239,73.74143241
APG,75,240,73.71417769
APG,75,241,73.68454713
APG,75,242,73.65788622
APG,75,243,73.62867797
APG,75,244,73.60258103
APG,75,245,73.57378217
APG,75,246,73.54825688
APG,75,247,73.51984958
APG,75,248,73.49483301
APG,75,249,73.4668595
APG,75,250,73.44233398
APG,75,251,73.41477707
APG,75,252,73.39076127
APG,75,253,73.36355295
APG,75,254,73.34004016
APG,75,255,73.31315002
APG,75,256,73.29013844
APG,75,257,73.26357119
APG,75,258,73.24105343
APG,75,259,73.21478674
APG,75,260,73.19273999
APG,75,261,73.16677712
APG,75,262,73.14521642
APG,75,263,73.11954052
APG,75,264,73.09845538
APG,75,265,73.07305494
APG,75,266,73.05243411
APG,75,267,73.02728221
APG,75,268,73.00713479
APG,75,269,72.98223384
APG,75,270,72.96256725
APG,75,271,72.93790551
APG,75,272,72.91869251
APG,75,273,72.89425883
APG,75,274,72.87549979
APG,75,275,72.85129175
APG,75,276,72.83297246
APG,75,277,72.80896712
APG,75,278,72.79107747
APG,75,279,72.7672762
APG,75,280,72.74983032
APG,75,281,72.72620569
APG,75,282,72.7091696
APG,75,283,72.68572563
APG,75,284,72.66910845
APG,75,285,72.64584799
APG,75,286,72.62964699
APG,75,287,72.60655154
APG,75,288,72.59077844
APG,75,289,72.56781953
APG,75,290,72.55247332
APG,75,291,72.5296341
APG,75,292,72.51470156
APG,75,293,72.49198768
APG,75,294,72.47745942
APG,75,295,72.45489211
APG,75,296,72.44070358
APG,75,297,72.41829566
APG,75,298,72.40441788
APG,75,299,72.38219656
APG,75,300,72.36858188
HALS_RRI,100,1,140.3200876
HALS_RRI,100,2,99.31848914
HALS_RRI,100,3,88.3140817
HALS_RRI,100,4,82.80573145
HALS_RRI,100,5,79.41355614
HALS_RRI,100,6,77.04829526
HALS_RRI,100,7,75.27907265
HALS_RRI,100,8,73.88034502
HALS_RRI,100,9,72.73020629
HALS_RRI,100,10,71.76332689
HALS_RRI,100,11,70.93659303
HALS_RRI,100,12,70.21777827
HALS_RRI,100,13,69.58332252
HALS_RRI,100,14,69.01964001
HALS_RRI,100,15,68.51401484
HALS_RRI,100,16,68.05842241
HALS_RRI,100,17,67.64606083
HALS_RRI,100,18,67.2712614
HALS_RRI,100,19,66.92917924
HALS_RRI,100,20,66.61528682
HALS_RRI,100,21,66.32600816
HALS_RRI,100,22,66.05783867
HALS_RRI,100,23,65.80862747
HALS_RRI,100,24,65.57605838
HALS_RRI,100,25,65.35821971
HALS_RRI,100,26,65.15351974
HALS_RRI,100,27,64.96078832
HALS_RRI,100,28,64.7783992
HALS_RRI,100,29,64.60510637
HALS_RRI,100,30,64.43985862
HALS_RRI,100,31,64.2822977
HALS_RRI,100,32,64.13217363
HALS_RRI,100,33,63.98899105
HALS_RRI,100,34,63.85243564
HALS_RRI,100,35,63.72190215
HALS_RRI,100,36,63.59681677
HALS_RRI,100,37,63.47696742
HALS_RRI,100,38,63.36190506
HALS_RRI,100,39,63.25149654
HALS_RRI,100,40,63.1454337
HALS_RRI,100,41,63.04321209
HALS_RRI,100,42,62.94466
HALS_RRI,100,43,62.8496769
HALS_RRI,100,44,62.75810383
HALS_RRI,100,45,62.66957845
HALS_RRI,100,46,62.58388614
HALS_RRI,100,47,62.50085605
HALS_RRI,100,48,62.42036056
HALS_RRI,100,49,62.34214848
HALS_RRI,100,50,62.26607234
HALS_RRI,100,51,62.19204728
HALS_RRI,100,52,62.12006733
HALS_RRI,100,53,62.05004452
HALS_RRI,100,54,61.98192143
HALS_RRI,100,55,61.91560425
HALS_RRI,100,56,61.85096465
HALS_RRI,100,57,61.78798104
HALS_RRI,100,58,61.72660919
HALS_RRI,100,59,61.66680718
HALS_RRI,100,60,61.60851847
HALS_RRI,100,61,61.55174712
HALS_RRI,100,62,61.49640976
HALS_RRI,100,63,61.44239583
HALS_RRI,100,64,61.38959327
HALS_RRI,100,65,61.33791131
HALS_RRI,100,66,61.28735692
HALS_RRI,100,67,61.2379197
HALS_RRI,100,68,61.18957557
HALS_RRI,100,69,61.14228901
HALS_RRI,100,70,61.09603274
HALS_RRI,100,71,61.0508328
HALS_RRI,100,72,61.00663952
HALS_RRI,100,73,60.96344885
HALS_RRI,100,74,60.92116624
HALS_RRI,100,75,60.87972175
HALS_RRI,100,76,60.83904041
HALS_RRI,100,77,60.79909594
HALS_RRI,100,78,60.75982723
HALS_RRI,100,79,60.72121048
HALS_RRI,100,80,60.68324381
HALS_RRI,100,81,60.64586307
HALS_RRI,100,82,60.60908901
HALS_RRI,100,83,60.57294581
HALS_RRI,100,84,60.53739668
HALS_RRI,100,85,60.50242048
HALS_RRI,100,86,60.46798346
HALS_RRI,100,87,60.43406135
HALS_RRI,100,88,60.40066228
HALS_RRI,100,89,60.36776772
HALS_RRI,100,90,60.33535127
HALS_RRI,100,91,60.30339978
HALS_RRI,100,92,60.27190452
HALS_RRI,100,93,60.24090849
HALS_RRI,100,94,60.21043551
HALS_RRI,100,95,60.18044865
HALS_RRI,100,96,60.15094217
HALS_RRI,100,97,60.12193675
HALS_RRI,100,98,60.09340909
HALS_RRI,100,99,60.06534358
HALS_RRI,100,100,60.03775924
HALS_RRI,100,101,60.01062489
HALS_RRI,100,102,59.9839427
HALS_RRI,100,103,59.95768459
HALS_RRI,100,104,59.93183932
HALS_RRI,100,105,59.90641672
HALS_RRI,100,106,59.88138493
HALS_RRI,100,107,59.85674769
HALS_RRI,100,108,59.83248132
HALS_RRI,100,109,59.80859976
HALS_RRI,100,110,59.78505719
HALS_RRI,100,111,59.7618642
HALS_RRI,100,112,59.73905392
HALS_RRI,100,113,59.71663552
HALS_RRI,100,114,59.69458709
HALS_RRI,100,115,59.67290768
HALS_RRI,100,116,59.65159699
HALS_RRI,100,117,59.63066768
HALS_RRI,100,118,59.61011202
HALS_RRI,100,119,59.5899178
HALS_RRI,100,120,59.57008109
HALS_RRI,100,121,59.55058369
HALS_RRI,100,122,59.53140112
HALS_RRI,100,123,59.51253862
HALS_RRI,100,124,59.49397304
HALS_RRI,100,125,59.47569095
HALS_RRI,100,126,59.45768714
HALS_RRI,100,127,59.43995811
HALS_RRI,100,128,59.42248806
HALS_RRI,100,129,59.40525375
HALS_RRI,100,130,59.38826637
HALS_RRI,100,131,59.37152283
HALS_RRI,100,132,59.35502222
HALS_RRI,100,133,59.33876493
HALS_RRI,100,134,59.3227398
HALS_RRI,100,135,59.30695014
HALS_RRI,100,136,59.29138082
HALS_RRI,100,137,59.27604328
HALS_RRI,100,138,59.26091873
HALS_RRI,100,139,59.24599789
HALS_RRI,100,140,59.23126406
HALS_RRI,100,141,59.21670779
HALS_RRI,100,142,59.2023229
HALS_RRI,100,143,59.18811732
HALS_RRI,100,144,59.1740959
HALS_RRI,100,145,59.16024614
HALS_RRI,100,146,59.14655744
HALS_RRI,100,147,59.13301199
HALS_RRI,100,148,59.11961324
HALS_RRI,100,149,59.1063621
HALS_RRI,100,150,59.09324812
HALS_RRI,100,151,59.08025666
HALS_RRI,100,152,59.06739354
HALS_RRI,100,153,59.05466313
HALS_RRI,100,154,59.04207034
HALS_RRI,100,155,59.02960999
HALS_RRI,100,156,59.01727171
HALS_RRI,100,157,59.00505691
HALS_RRI,100,158,58.99295855
HALS_RRI,100,159,58.98098167
HALS_RRI,100,160,58.96912584
HALS_RRI,100,161,58.95737322
HALS_RRI,100,162,58.94572521
HALS_RRI,100,163,58.93418383
HALS_RRI,100,164,58.92273792
HALS_RRI,100,165,58.91138491
HALS_RRI,100,166,58.90012973
HALS_RRI,100,167,58.8889703
HALS_RRI,100,168,58.87791274
HALS_RRI,100,169,58.86695386
HALS_RRI,100,170,58.85608066
HALS_RRI,100,171,58.84528041
HALS_RRI,100,172,58.8345487
HALS_RRI,100,173,58.82388537
HALS_RRI,100,174,58.8132914
HALS_RRI,100,175,58.80276327
HALS_RRI,100,176,58.79229613
HALS_RRI,100,177,58.78188556
HALS_RRI,100,178,58.77153493
HALS_RRI,100,179,58.76124665
HALS_RRI,100,180,58.75102608
HALS_RRI,100,181,58.74086706
HALS_RRI,100,182,58.73077603
HALS_RRI,100,183,58.72076453
HALS_RRI,100,184,58.71084339
HALS_RRI,100,185,58.70101188
HALS_RRI,100,186,58.69125999
HALS_RRI,100,187,58.68157862
HALS_RRI,100,188,58.67196292
HALS_RRI,100,189,58.66241013
HALS_RRI,100,190,58.65292151
HALS_RRI,100,191,58.64349518
HALS_RRI,100,192,58.63412738
HALS_RRI,100,193,58.62481978
HALS_RRI,100,194,58.61556985
HALS_RRI,100,195,58.60637304
HALS_RRI,100,196,58.59723213
HALS_RRI,100,197,58.58816062
HALS_RRI,100,198,58.57915396
HALS_RRI,100,199,58.57020898
HALS_RRI,100,200,58.56132001
HALS_RRI,100,201,58.55248318
HALS_RRI,100,202,58.54370302
HALS_RRI,100,203,58.53498039
HALS_RRI,100,204,58.52630931
HALS_RRI,100,205,58.51769406
HALS_RRI,100,206,58.50913478
HALS_RRI,100,207,58.50063535
HALS_RRI,100,208,58.49219197
HALS_RRI,100,209,58.48380861
HALS_RRI,100,210,58.47548199
HALS_RRI,100,211,58.46720766
HALS_RRI,100,212,58.45898263
HALS_RRI,100,213,58.45081093
HALS_RRI,100,214,58.44270093
HALS_RRI,100,215,58.43464838
HALS_RRI,100,216,58.42665016
HALS_RRI,100,217,58.41870856
HALS_RRI,100,218,58.4108238
HALS_RRI,100,219,58.40299578
HALS_RRI,100,220,58.3952255
HALS_RRI,100,221,58.38751276
HALS_RRI,100,222,58.3798571
HALS_RRI,100,223,58.37225933
HALS_RRI,100,224,58.36471834
HALS_RRI,100,225,58.35723297
HALS_RRI,100,226,58.34981089
HALS_RRI,100,227,58.3424462
HALS_RRI,100,228,58.33514487
HALS_RRI,100,229,58.32790312
HALS_RRI,100,230,58.32071994
HALS_RRI,100,231,58.31359853
HALS_RRI,100,232,58.30653391
HALS_RRI,100,233,58.29952654
HALS_RRI,100,234,58.29257137
HALS_RRI,100,235,58.28567326
HALS_RRI,100,236,58.27883103
HALS_RRI,100,237,58.27204845
HALS_RRI,100,238,58.26532084
HALS_RRI,100,239,58.25864861
HALS_RRI,100,240,58.25202954
HALS_RRI,100,241,58.24546207
HALS_RRI,100,242,58.23895867
HALS_RRI,100,243,58.23251392
HALS_RRI,100,244,58.22612993
HALS_RRI,100,245,58.21980711
HALS_RRI,100,246,58.21354303
HALS_RRI,100,247,58.20733725
HALS_RRI,100,248,58.20118913
HALS_RRI,100,249,58.19509863
HALS_RRI,100,250,58.18906139
HALS_RRI,100,251,58.18307451
HALS_RRI,100,252,58.17714193
HALS_RRI,100,253,58.17126107
HALS_RRI,100,254,58.16542829
HALS_RRI,100,255,58.15964059
HALS_RRI,100,256,58.1538973
HALS_RRI,100,257,58.14819868
HALS_RRI,100,258,58.14254326
HALS_RRI,100,259,58.13693064
HALS_RRI,100,260,58.13136259
HALS_RRI,100,261,58.12583759
HALS_RRI,100,262,58.12035375
HALS_RRI,100,263,58.11491208
HALS_RRI,100,264,58.1095105
HALS_RRI,100,265,58.10414672
HALS_RRI,100,266,58.09881857
HALS_RRI,100,267,58.09352951
HALS_RRI,100,268,58.08828047
HALS_RRI,100,269,58.08307277
HALS_RRI,100,270,58.07790714
HALS_RRI,100,271,58.07278464
HALS_RRI,100,272,58.06770458
HALS_RRI,100,273,58.06266419
HALS_RRI,100,274,58.05766188
HALS_RRI,100,275,58.05269565
HALS_RRI,100,276,58.04776518
HALS_RRI,100,277,58.04287168
HALS_RRI,100,278,58.0380159
HALS_RRI,100,279,58.03319614
HALS_RRI,100,280,58.02840988
HALS_RRI,100,281,58.02365235
HALS_RRI,100,282,58.01892387
HALS_RRI,100,283,58.01422385
HALS_RRI,100,284,58.00955437
HALS_RRI,100,285,58.00491555
HALS_RRI,100,286,58.00030844
HALS_RRI,100,287,57.99572978
HALS_RRI,100,288,57.9911793
HALS_RRI,100,289,57.98665663
HALS_RRI,100,290,57.98216013
HALS_RRI,100,291,57.97768818
HALS_RRI,100,292,57.97324333
HALS_RRI,100,293,57.96882693
HALS_RRI,100,294,57.96443479
HALS_RRI,100,295,57.96006684
HALS_RRI,100,296,57.95572048
HALS_RRI,100,297,57.95139392
HALS_RRI,100,298,57.94708704
HALS_RRI,100,299,57.9428034
HALS_RRI,100,300,57.93854116
Lee-Seung,100,1,162.7744558
Lee-Seung,100,2,162.6331482
Lee-Seung,100,3,162.4982537
Lee-Seung,100,4,162.3607323
Lee-Seung,100,5,162.2188197
Lee-Seung,100,6,162.0706178
Lee-Seung,100,7,161.914041
Lee-Seung,100,8,161.7467597
Lee-Seung,100,9,161.5661401
Lee-Seung,100,10,161.3691791
Lee-Seung,100,11,161.1524359
Lee-Seung,100,12,160.9119614
Lee-Seung,100,13,160.6432288
Lee-Seung,100,14,160.3410701
Lee-Seung,100,15,159.9996292
Lee-Seung,100,16,159.6123409
Lee-Seung,100,17,159.1719557
Lee-Seung,100,18,158.6706306
Lee-Seung,100,19,158.1001122
Lee-Seung,100,20,157.4520401
Lee-Seung,100,21,156.7183935
Lee-Seung,100,22,155.8920904
Lee-Seung,100,23,154.9677237
Lee-Seung,100,24,153.942376
Lee-Seung,100,25,152.8164061
Lee-Seung,100,26,151.5940502
Lee-Seung,100,27,150.2836626
Lee-Seung,100,28,148.8974478
Lee-Seung,100,29,147.4506351
Lee-Seung,100,30,145.9601997
Lee-Seung,100,31,144.4433831
Lee-Seung,100,32,142.9163491
Lee-Seung,100,33,141.3932628
Lee-Seung,100,34,139.8859074
Lee-Seung,100,35,138.4037396
Lee-Seung,100,36,136.9541422
Lee-Seung,100,37,135.5426517
Lee-Seung,100,38,134.1730919
Lee-Seung,100,39,132.8476923
Lee-Seung,100,40,131.5672938
Lee-Seung,100,41,130.3316625
Lee-Seung,100,42,129.1398445
Lee-Seung,100,43,127.990476
Lee-Seung,100,44,126.8819979
Lee-Seung,100,45,125.812775
Lee-Seung,100,46,124.7811437
Lee-Seung,100,47,123.7854231
Lee-Seung,100,48,122.8239123
Lee-Seung,100,49,121.8948893
Lee-Seung,100,50,120.9966165
Lee-Seung,100,51,120.1273527
Lee-Seung,100,52,119.2853723
Lee-Seung,100,53,118.4689855
Lee-Seung,100,54,117.6765613
Lee-Seung,100,55,116.9065487
Lee-Seung,100,56,116.1574946
Lee-Seung,100,57,115.4280592
Lee-Seung,100,58,114.7170254
Lee-Seung,100,59,114.0233036
Lee-Seung,100,60,113.3459306
Lee-Seung,100,61,112.6840632
Lee-Seung,100,62,112.0369674
Lee-Seung,100,63,111.4040044
Lee-Seung,100,64,110.7846143
Lee-Seung,100,65,110.1783006
Lee-Seung,100,66,109.5846152
Lee-Seung,100,67,109.003146
Lee-Seung,100,68,108.4335075
Lee-Seung,100,69,107.8753342
Lee-Seung,100,70,107.3282767
Lee-Seung,100,71,106.7919999
Lee-Seung,100,72,106.2661824
Lee-Seung,100,73,105.750516
Lee-Seung,100,74,105.2447067
Lee-Seung,100,75,104.7484739
Lee-Seung,100,76,104.2615506
Lee-Seung,100,77,103.7836828
Lee-Seung,100,78,103.3146283
Lee-Seung,100,79,102.854156
Lee-Seung,100,80,102.4020449
Lee-Seung,100,81,101.9580829
Lee-Seung,100,82,101.5220662
Lee-Seung,100,83,101.0937982
Lee-Seung,100,84,100.6730895
Lee-Seung,100,85,100.2597571
Lee-Seung,100,86,99.85362423
Lee-Seung,100,87,99.45452009
Lee-Seung,100,88,99.06227943
Lee-Seung,100,89,98.67674228
Lee-Seung,100,90,98.29775342
Lee-Seung,100,91,97.92516185
Lee-Seung,100,92,97.55882018
Lee-Seung,100,93,97.19858403
Lee-Seung,100,94,96.84431149
Lee-Seung,100,95,96.4958627
Lee-Seung,100,96,96.15309961
Lee-Seung,100,97,95.81588588
Lee-Seung,100,98,95.48408696
Lee-Seung,100,99,95.15757027
Lee-Seung,100,100,94.8362055
Lee-Seung,100,101,94.51986486
Lee-Seung,100,102,94.20842341
Lee-Seung,100,103,93.90175926
Lee-Seung,100,104,93.59975382
Lee-Seung,100,105,93.30229186
Lee-Seung,100,106,93.00926166
Lee-Seung,100,107,92.72055502
Lee-Seung,100,108,92.43606726
Lee-Seung,100,109,92.15569719
Lee-Seung,100,110,91.87934708
Lee-Seung,100,111,91.60692259
Lee-Seung,100,112,91.33833267
Lee-Seung,100,113,91.07348955
Lee-Seung,100,114,90.81230857
Lee-Seung,100,115,90.55470817
Lee-Seung,100,116,90.30060976
Lee-Seung,100,117,90.04993766
Lee-Seung,100,118,89.80261899
Lee-Seung,100,119,89.55858361
Lee-Seung,100,120,89.31776399
Lee-Seung,100,121,89.08009519
Lee-Seung,100,122,88.84551473
Lee-Seung,100,123,88.61396252
Lee-Seung,100,124,88.38538078
Lee-Seung,100,125,88.15971394
Lee-Seung,100,126,87.93690852
Lee-Seung,100,127,87.71691311
Lee-Seung,100,128,87.49967815
Lee-Seung,100,129,87.28515592
Lee-Seung,100,130,87.07330036
Lee-Seung,100,131,86.86406695
Lee-Seung,100,132,86.65741262
Lee-Seung,100,133,86.45329558
Lee-Seung,100,134,86.25167522
Lee-Seung,100,135,86.05251201
Lee-Seung,100,136,85.85576734
Lee-Seung,100,137,85.66140346
Lee-Seung,100,138,85.46938336
Lee-Seung,100,139,85.27967074
Lee-Seung,100,140,85.09222989
Lee-Seung,100,141,84.90702565
Lee-Seung,100,142,84.72402342
Lee-Seung,100,143,84.54318903
Lee-Seung,100,144,84.36448884
Lee-Seung,100,145,84.1878896
Lee-Seung,100,146,84.01335855
Lee-Seung,100,147,83.84086335
Lee-Seung,100,148,83.67037212
Lee-Seung,100,149,83.50185341
Lee-Seung,100,150,83.33527623
Lee-Seung,100,151,83.17061009
Lee-Seung,100,152,83.00782492
Lee-Seung,100,153,82.84689116
Lee-Seung,100,154,82.68777976
Lee-Seung,100,155,82.53046212
Lee-Seung,100,156,82.37491018
Lee-Seung,100,157,82.22109637
Lee-Seung,100,158,82.06899361
Lee-Seung,100,159,81.91857534
Lee-Seung,100,160,81.76981551
Lee-Seung,100,161,81.62268856
Lee-Seung,100,162,81.47716942
Lee-Seung,100,163,81.33323351
Lee-Seung,100,164,81.19085674
Lee-Seung,100,165,81.05001548
Lee-Seung,100,166,80.91068658
Lee-Seung,100,167,80.77284734
Lee-Seung,100,168,80.63647551
Lee-Seung,100,169,80.50154927
Lee-Seung,100,170,80.36804726
Lee-Seung,100,171,80.23594851
Lee-Seung,100,172,80.10523247
Lee-Seung,100,173,79.975879
Lee-Seung,100,174,79.84786834
Lee-Seung,100,175,79.72118114
Lee-Seung,100,176,79.59579839
Lee-Seung,100,177,79.47170148
Lee-Seung,100,178,79.34887213
Lee-Seung,100,179,79.22729242
Lee-Seung,100,180,79.10694476
Lee-Seung,100,181,78.98781191
Lee-Seung,100,182,78.86987692
Lee-Seung,100,183,78.75312318
Lee-Seung,100,184,78.63753435
Lee-Seung,100,185,78.52309443
Lee-Seung,100,186,78.40978766
Lee-Seung,100,187,78.29759858
Lee-Seung,100,188,78.18651201
Lee-Seung,100,189,78.076513
Lee-Seung,100,190,77.96758688
Lee-Seung,100,191,77.85971923
Lee-Seung,100,192,77.75289586
Lee-Seung,100,193,77.64710282
Lee-Seung,100,194,77.54232638
Lee-Seung,100,195,77.43855305
Lee-Seung,100,196,77.33576956
Lee-Seung,100,197,77.23396283
Lee-Seung,100,198,77.13312003
Lee-Seung,100,199,77.03322849
Lee-Seung,100,200,76.93427578
Lee-Seung,100,201,76.83624965
Lee-Seung,100,202,76.73913804
Lee-Seung,100,203,76.64292909
Lee-Seung,100,204,76.54761113
Lee-Seung,100,205,76.45317268
Lee-Seung,100,206,76.35960242
Lee-Seung,100,207,76.26688924
Lee-Seung,100,208,76.17502217
Lee-Seung,100,209,76.08399045
Lee-Seung,100,210,75.99378346
Lee-Seung,100,211,75.90439078
Lee-Seung,100,212,75.81580213
Lee-Seung,100,213,75.72800741
Lee-Seung,100,214,75.64099668
Lee-Seung,100,215,75.55476015
Lee-Seung,100,216,75.46928819
Lee-Seung,100,217,75.38457134
Lee-Seung,100,218,75.30060026
Lee-Seung,100,219,75.2173658
Lee-Seung,100,220,75.13485893
Lee-Seung,100,221,75.05307078
Lee-Seung,100,222,74.97199262
Lee-Seung,100,223,74.89161585
Lee-Seung,100,224,74.81193204
Lee-Seung,100,225,74.73293287
Lee-Seung,100,226,74.65461017
Lee-Seung,100,227,74.57695589
Lee-Seung,100,228,74.49996212
Lee-Seung,100,229,74.42362109
Lee-Seung,100,230,74.34792514
Lee-Seung,100,231,74.27286674
Lee-Seung,100,232,74.19843848
Lee-Seung,100,233,74.12463307
Lee-Seung,100,234,74.05144335
Lee-Seung,100,235,73.97886225
Lee-Seung,100,236,73.90688282
Lee-Seung,100,237,73.83549825
Lee-Seung,100,238,73.76470178
Lee-Seung,100,239,73.69448681
Lee-Seung,100,240,73.6248468
Lee-Seung,100,241,73.55577533
Lee-Seung,100,242,73.48726607
Lee-Seung,100,243,73.41931279
Lee-Seung,100,244,73.35190934
Lee-Seung,100,245,73.28504967
Lee-Seung,100,246,73.21872781
Lee-Seung,100,247,73.15293788
Lee-Seung,100,248,73.08767409
Lee-Seung,100,249,73.0229307
Lee-Seung,100,250,72.95870208
Lee-Seung,100,251,72.89498267
Lee-Seung,100,252,72.83176697
Lee-Seung,100,253,72.76904958
Lee-Seung,100,254,72.70682516
Lee-Seung,100,255,72.64508843
Lee-Seung,100,256,72.58383421
Lee-Seung,100,257,72.52305735
Lee-Seung,100,258,72.46275281
Lee-Seung,100,259,72.4029156
Lee-Seung,100,260,72.34354078
Lee-Seung,100,261,72.2846235
Lee-Seung,100,262,72.22615897
Lee-Seung,100,263,72.16814246
Lee-Seung,100,264,72.11056931
Lee-Seung,100,265,72.05343492
Lee-Seung,100,266,71.99673475
Lee-Seung,100,267,71.94046433
Lee-Seung,100,268,71.88461924
Lee-Seung,100,269,71.82919513
Lee-Seung,100,270,71.7741877
Lee-Seung,100,271,71.71959273
Lee-Seung,100,272,71.66540602
Lee-Seung,100,273,71.61162347
Lee-Seung,100,274,71.558241
Lee-Seung,100,275,71.5052546
Lee-Seung,100,276,71.45266031
Lee-Seung,100,277,71.40045424
Lee-Seung,100,278,71.34863251
Lee-Seung,100,279,71.29719134
Lee-Seung,100,280,71.24612697
Lee-Seung,100,281,71.19543568
Lee-Seung,100,282,71.14511382
Lee-Seung,100,283,71.09515777
Lee-Seung,100,284,71.04556397
Lee-Seung,100,285,70.99632888
Lee-Seung,100,286,70.94744902
Lee-Seung,100,287,70.89892095
Lee-Seung,100,288,70.85074127
Lee-Seung,100,289,70.80290661
Lee-Seung,100,290,70.75541365
Lee-Seung,100,291,70.70825909
Lee-Seung,100,292,70.6614397
Lee-Seung,100,293,70.61495224
Lee-Seung,100,294,70.56879355
Lee-Seung,100,295,70.52296048
Lee-Seung,100,296,70.47744991
Lee-Seung,100,297,70.43225877
Lee-Seung,100,298,70.38738401
Lee-Seung,100,299,70.34282262
Lee-Seung,100,300,70.29857162
APG,100,1,162.7000169
APG,100,2,162.4038872
APG,100,3,162.0777079
APG,100,4,161.716203
APG,100,5,161.1823079
APG,100,6,160.5475359
APG,100,7,159.1689314
APG,100,8,157.4450659
APG,100,9,153.7483946
APG,100,10,149.4050412
APG,100,11,144.5672833
APG,100,12,140.7645329
APG,100,13,137.4791051
APG,100,14,134.8800694
APG,100,15,132.5928885
APG,100,16,130.3901817
APG,100,17,128.4116759
APG,100,18,126.5325838
APG,100,19,124.8426283
APG,100,20,123.2636681
APG,100,21,121.8356575
APG,100,22,120.4876294
APG,100,23,119.2461266
APG,100,24,118.0539203
APG,100,25,116.9300722
APG,100,26,115.8385702
APG,100,27,114.7905991
APG,100,28,113.770566
APG,100,29,112.7795564
APG,100,30,111.8168964
APG,100,31,110.874282
APG,100,32,109.961357
APG,100,33,109.0653889
APG,100,34,108.2014375
APG,100,35,107.3516234
APG,100,36,106.5352124
APG,100,37,105.7312795
APG,100,38,104.9632287
APG,100,39,104.2072147
APG,100,40,103.4860465
APG,100,41,102.7766598
APG,100,42,102.0999877
APG,100,43,101.4335772
APG,100,44,100.7976879
APG,100,45,100.1702699
APG,100,46,99.57169855
APG,100,47,98.97993341
APG,100,48,98.4152538
APG,100,49,97.85592877
APG,100,50,97.32181289
APG,100,51,96.79246144
APG,100,52,96.28697284
APG,100,53,95.78512066
APG,100,54,95.3052296
APG,100,55,94.82759985
APG,100,56,94.3705171
APG,100,57,93.91506636
APG,100,58,93.4791737
APG,100,59,93.04307515
APG,100,60,92.62559969
APG,100,61,92.20752018
APG,100,62,91.80741913
APG,100,63,91.40686512
APG,100,64,91.02346209
APG,100,65,90.63945779
APG,100,66,90.27166522
APG,100,67,89.90284518
APG,100,68,89.54958448
APG,100,69,89.19478674
APG,100,70,88.85619434
APG,100,71,88.51528122
APG,100,72,88.18972221
APG,100,73,87.86139847
APG,100,74,87.54763093
APG,100,75,87.23132649
APG,100,76,86.92884027
APG,100,77,86.62419944
APG,100,78,86.33250622
APG,100,79,86.03905735
APG,100,80,85.75778084
APG,100,81,85.47513308
APG,100,82,85.20400411
APG,100,83,84.93141037
APG,100,84,84.66974677
APG,100,85,84.40678882
APG,100,86,84.15423129
APG,100,87,83.90032391
APG,100,88,83.65629995
APG,100,89,83.41114811
APG,100,90,83.17550475
APG,100,91,82.93883238
APG,100,92,82.71106367
APG,100,93,82.48250505
APG,100,94,82.26226245
APG,100,95,82.04134967
APG,100,96,81.82827691
APG,100,97,81.61462813
APG,100,98,81.40877124
APG,100,99,81.20258424
APG,100,100,81.00376758
APG,100,101,80.80448521
APG,100,102,80.61236987
APG,100,103,80.41968941
APG,100,104,80.23393302
APG,100,105,80.04745982
APG,100,106,79.86785767
APG,100,107,79.68746839
APG,100,108,79.51373155
APG,100,109,79.33910242
APG,100,110,79.17112036
APG,100,111,79.00223757
APG,100,112,78.83969133
APG,100,113,78.67602179
APG,100,114,78.51862198
APG,100,115,78.36018805
APG,100,116,78.20783976
APG,100,117,78.05431619
APG,100,118,77.90684519
APG,100,119,77.75787676
APG,100,120,77.61505125
APG,100,121,77.47054383
APG,100,122,77.33189826
APG,100,123,77.19166309
APG,100,124,77.05701551
APG,100,125,76.92112353
APG,100,126,76.79054936
APG,100,127,76.65867187
APG,100,128,76.53174311
APG,100,129,76.40369647
APG,100,130,76.28031086
APG,100,131,76.15598419
APG,100,132,76.03616817
APG,100,133,75.91543983
APG,100,134,75.79902224
APG,100,135,75.68171435
APG,100,136,75.56862888
APG,100,137,75.45461567
APG,100,138,75.34471864
APG,100,139,75.23383826
APG,100,140,75.12691453
APG,100,141,75.01919772
APG,100,142,74.91516736
APG,100,143,74.81039409
APG,100,144,74.70913805
APG,100,145,74.60730954
APG,100,146,74.5086887
APG,100,147,74.40957343
APG,100,148,74.31356428
APG,100,149,74.21717693
APG,100,150,74.12369016
APG,100,151,74.02981942
APG,100,152,73.93868625
APG,100,153,73.84724484
APG,100,154,73.75841373
APG,100,155,73.66940956
APG,100,156,73.58287873
APG,100,157,73.49619931
APG,100,158,73.41180064
APG,100,159,73.32732392
APG,100,160,73.24508206
APG,100,161,73.16287712
APG,100,162,73.08272039
APG,100,163,73.00266561
APG,100,164,72.92439987
APG,100,165,72.84631412
APG,100,166,72.7698741
APG,100,167,72.69372406
APG,100,168,72.61900139
APG,100,169,72.54466726
APG,100,170,72.47163054
APG,100,171,72.39907095
APG,100,172,72.32774972
APG,100,173,72.25691978
APG,100,174,72.18728331
APG,100,175,72.11820295
APG,100,176,72.05017007
APG,100,177,71.98276772
APG,100,178,71.91628985
APG,100,179,71.85052659
APG,100,180,71.78557903
APG,100,181,71.72132797
APG,100,182,71.65779408
APG,100,183,71.59486056
APG,100,184,71.53279312
APG,100,185,71.47118201
APG,100,186,71.41062377
APG,100,187,71.35034216
APG,100,188,71.29106302
APG,100,189,71.2320783
APG,100,190,71.17409261
APG,100,191,71.11639556
APG,100,192,71.05965659
APG,100,193,71.0031777
APG,100,194,70.94763965
APG,100,195,70.89240801
APG,100,196,70.83805229
APG,100,197,70.78400172
APG,100,198,70.7307283
APG,100,199,70.67781793
APG,100,200,70.62560589
APG,100,201,70.57379339
APG,100,202,70.52260488
APG,100,203,70.47192966
APG,100,204,70.42178139
APG,100,205,70.37215073
APG,100,206,70.32298036
APG,100,207,70.2743848
APG,100,208,70.22618626
APG,100,209,70.1785483
APG,100,210,70.131313
APG,100,211,70.08463174
APG,100,212,70.03828134
APG,100,213,69.99258782
APG,100,214,69.94713556
APG,100,215,69.90240747
APG,100,216,69.85786515
APG,100,217,69.81406194
APG,100,218,69.77037726
APG,100,219,69.72750966
APG,100,220,69.68465326
APG,100,221,69.64264519
APG,100,222,69.60054656
APG,100,223,69.55938764
APG,100,224,69.51807698
APG,100,225,69.47776359
APG,100,226,69.43720557
APG,100,227,69.39767294
APG,100,228,69.35780748
APG,100,229,69.3190752
APG,100,230,69.27990154
APG,100,231,69.24196045
APG,100,232,69.20343497
APG,100,233,69.16624099
APG,100,234,69.12833425
APG,100,235,69.09181811
APG,100,236,69.05455131
APG,100,237,69.01872728
APG,100,238,68.98204742
APG,100,239,68.9469282
APG,100,240,68.91082301
APG,100,241,68.87638456
APG,100,242,68.8408158
APG,100,243,68.80703241
APG,100,244,68.77200805
APG,100,245,68.73888606
APG,100,246,68.70438382
APG,100,247,68.67188887
APG,100,248,68.6378877
APG,100,249,68.60599097
APG,100,250,68.57247725
APG,100,251,68.54120039
APG,100,252,68.50813284
APG,100,253,68.47746492
APG,100,254,68.44484361
APG,100,255,68.41472796
APG,100,256,68.38259125
APG,100,257,68.35299626
APG,100,258,68.32132435
APG,100,259,68.29221821
APG,100,260,68.26102959
APG,100,261,68.23240151
APG,100,262,68.2016771
APG,100,263,68.17351379
APG,100,264,68.14325584
APG,100,265,68.11555301
APG,100,266,68.0857487
APG,100,267,68.05848573
APG,100,268,68.02911173
APG,100,269,68.00228656
APG,100,270,67.97334386
APG,100,271,67.94694675
APG,100,272,67.9184221
APG,100,273,67.89244828
APG,100,274,67.86436097
APG,100,275,67.83880576
APG,100,276,67.81110876
APG,100,277,67.78594369
APG,100,278,67.75864426
APG,100,279,67.73385373
APG,100,280,67.70692556
APG,100,281,67.68251709
APG,100,282,67.65597474
APG,100,283,67.63194273
APG,100,284,67.60575961
APG,100,285,67.58209868
APG,100,286,67.5562659
APG,100,287,67.5329545
APG,100,288,67.50749027
APG,100,289,67.48446887
APG,100,290,67.45938391
APG,100,291,67.43666593
APG,100,292,67.41193264
APG,100,293,67.38953142
APG,100,294,67.3651187
APG,100,295,67.34302714
APG,100,296,67.31893532
APG,100,297,67.29716046
APG,100,298,67.27339194
APG,100,299,67.25190089
APG,100,300,67.22841861
